id,gameId,league,homeTeam,awayTeam,awayScore,homeScore,isGameOfTheWeek,manual_gotw,seasonIndex,stageIndex,weekIndex,status,simmed,home_fw,away_fw,scheduled_date_time,home_team_spread,away_team_spread,game_summary,game_preview
5516080,544735304,Premier Football Circuit Slow Sim,Seahawks,49ers,6,13,False,False,0,1,0,3,False,False,False,,0.0,0.0,,
5516083,544735307,Premier Football Circuit Slow Sim,Bills,Ravens,27,30,False,False,0,1,0,3,False,False,False,,0.0,0.0,,
5516079,544735303,Premier Football Circuit Slow Sim,Broncos,Titans,10,27,False,False,0,1,0,3,False,False,False,,0.0,0.0,,
5516078,544735302,Premier Football Circuit Slow Sim,Saints,Cardinals,37,12,False,False,0,1,0,2,False,False,False,,0.0,0.0,,
5516071,544735295,Premier Football Circuit Slow Sim,Browns,Bengals,24,27,False,False,0,1,0,3,False,False,False,,0.0,0.0,,
5516070,544735294,Premier Football Circuit Slow Sim,Chargers,Chiefs,22,32,False,False,0,1,0,3,False,False,False,,0.0,0.0,,
5516074,544735298,Premier Football Circuit Slow Sim,Patriots,Raiders,10,17,False,False,0,1,0,3,False,False,False,,0.0,0.0,,
5516075,544735299,Premier Football Circuit Slow Sim,Falcons,Buccaneers,24,34,False,False,0,1,0,3,False,False,False,,0.0,0.0,,
5516084,544735308,Premier Football Circuit Slow Sim,Bears,Vikings,17,13,False,False,0,1,0,2,False,False,False,,0.0,0.0,,
5516082,544735306,Premier Football Circuit Slow Sim,Packers,Lions,16,3,False,False,0,1,0,2,False,False,False,,0.0,0.0,,
5516081,544735305,Premier Football Circuit Slow Sim,Rams,Texans,24,22,False,False,0,1,0,2,False,False,False,,0.0,0.0,,
5516069,544735293,Premier Football Circuit Slow Sim,Eagles,Cowboys,19,27,True,False,0,1,0,3,False,False,False,,0.0,0.0,,
5516072,544735296,Premier Football Circuit Slow Sim,Commanders,Giants,35,22,False,False,0,1,0,2,False,False,False,,0.0,0.0,,
5516073,544735297,Premier Football Circuit Slow Sim,Jets,Steelers,25,27,False,False,0,1,0,3,False,False,False,,0.0,0.0,,
5516076,544735300,Premier Football Circuit Slow Sim,Colts,Dolphins,21,36,False,False,0,1,0,3,False,False,False,,0.0,0.0,,
5516077,544735301,Premier Football Circuit Slow Sim,Jaguars,Panthers,9,10,False,False,0,1,0,3,False,False,False,,0.0,0.0,,
5516099,544735323,Premier Football Circuit Slow Sim,Texans,Buccaneers,30,25,False,False,0,1,1,2,False,False,False,,0.0,0.0,,
5516087,544735311,Premier Football Circuit Slow Sim,Lions,Bears,30,13,False,False,0,1,1,2,False,False,False,,0.0,0.0,,
5516091,544735315,Premier Football Circuit Slow Sim,Saints,49ers,38,35,False,False,0,1,1,2,False,False,False,,0.0,0.0,,
5516086,544735310,Premier Football Circuit Slow Sim,Bengals,Jaguars,14,20,False,False,0,1,1,3,True,False,False,,0.0,0.0,,
5516090,544735314,Premier Football Circuit Slow Sim,Ravens,Browns,10,14,False,False,0,1,1,3,False,False,False,,0.0,0.0,,
5516100,544735324,Premier Football Circuit Slow Sim,Raiders,Chargers,28,47,False,False,0,1,1,3,False,False,False,,0.0,0.0,,
5516092,544735316,Premier Football Circuit Slow Sim,Jets,Bills,27,19,False,False,0,1,1,2,False,False,False,,0.0,0.0,,
5516096,544735320,Premier Football Circuit Slow Sim,Colts,Broncos,7,33,False,False,0,1,1,3,False,False,False,,0.0,0.0,,
5516093,544735317,Premier Football Circuit Slow Sim,Dolphins,Patriots,19,14,False,False,0,1,1,2,False,False,False,,0.0,0.0,,
5516089,544735313,Premier Football Circuit Slow Sim,Cowboys,Giants,31,20,False,False,0,1,1,2,False,False,False,,0.0,0.0,,
5516085,544735309,Premier Football Circuit Slow Sim,Packers,Commanders,14,43,True,False,0,1,1,3,False,False,False,,0.0,0.0,,
5516088,544735312,Premier Football Circuit Slow Sim,Titans,Rams,17,6,False,False,0,1,1,2,False,False,False,,0.0,0.0,,
5516097,544735321,Premier Football Circuit Slow Sim,Chiefs,Eagles,23,10,False,False,0,1,1,2,False,False,False,,0.0,0.0,,
5516095,544735319,Premier Football Circuit Slow Sim,Cardinals,Panthers,14,38,False,False,0,1,1,3,False,False,False,,0.0,0.0,,
5516094,544735318,Premier Football Circuit Slow Sim,Steelers,Seahawks,21,29,False,False,0,1,1,3,False,False,False,,0.0,0.0,,
5516098,544735322,Premier Football Circuit Slow Sim,Vikings,Falcons,17,27,False,False,0,1,1,3,True,False,False,,0.0,0.0,,
5516110,544735334,Premier Football Circuit Slow Sim,Jaguars,Texans,17,31,False,False,0,1,2,3,False,False,False,,0.0,0.0,,
5516103,544735327,Premier Football Circuit Slow Sim,Eagles,Rams,18,24,False,False,0,1,2,3,False,False,False,,0.0,0.0,,
5516113,544735337,Premier Football Circuit Slow Sim,Chargers,Broncos,27,38,False,False,0,1,2,3,False,False,False,,0.0,0.0,,
5516109,544735333,Premier Football Circuit Slow Sim,Titans,Colts,30,13,False,False,0,1,2,2,False,False,False,,0.0,0.0,,
5516105,544735329,Premier Football Circuit Slow Sim,Commanders,Raiders,16,27,False,False,0,1,2,3,False,False,False,,0.0,0.0,,
5516102,544735326,Premier Football Circuit Slow Sim,Vikings,Bengals,31,25,False,False,0,1,2,2,False,False,False,,0.0,0.0,,
5516115,544735339,Premier Football Circuit Slow Sim,Giants,Chiefs,24,3,False,False,0,1,2,2,False,False,False,,0.0,0.0,,
5516114,544735338,Premier Football Circuit Slow Sim,49ers,Cardinals,41,13,False,False,0,1,2,2,False,False,False,,0.0,0.0,,
5516107,544735331,Premier Football Circuit Slow Sim,Patriots,Steelers,48,27,False,False,0,1,2,2,False,False,False,,0.0,0.0,,
5516106,544735330,Premier Football Circuit Slow Sim,Buccaneers,Jets,27,41,False,False,0,1,2,3,False,False,False,,0.0,0.0,,
5516112,544735336,Premier Football Circuit Slow Sim,Seahawks,Saints,13,27,False,False,0,1,2,3,False,False,False,,0.0,0.0,,
5516116,544735340,Premier Football Circuit Slow Sim,Ravens,Lions,13,21,False,False,0,1,2,3,False,False,False,,0.0,0.0,,
5516108,544735332,Premier Football Circuit Slow Sim,Panthers,Falcons,0,12,False,False,0,1,2,3,False,False,False,,0.0,0.0,,
5516111,544735335,Premier Football Circuit Slow Sim,Bears,Cowboys,15,13,False,False,0,1,2,2,False,False,False,,0.0,0.0,,
5516104,544735328,Premier Football Circuit Slow Sim,Browns,Packers,10,17,False,False,0,1,2,3,False,False,False,,0.0,0.0,,
5516101,544735325,Premier Football Circuit Slow Sim,Bills,Dolphins,9,9,True,False,0,1,2,4,False,False,False,,0.0,0.0,,
5516129,544735353,Premier Football Circuit Slow Sim,Chiefs,Ravens,25,41,False,False,0,1,3,3,False,False,False,,0.0,0.0,,
5516126,544735350,Premier Football Circuit Slow Sim,Raiders,Bears,13,35,False,False,0,1,3,3,False,False,False,,0.0,0.0,,
5516120,544735344,Premier Football Circuit Slow Sim,Lions,Browns,13,16,False,False,0,1,3,3,False,False,False,,0.0,0.0,,
5516123,544735347,Premier Football Circuit Slow Sim,Patriots,Panthers,28,24,False,False,0,1,3,2,False,False,False,,0.0,0.0,,
5516119,544735343,Premier Football Circuit Slow Sim,Texans,Titans,17,37,False,False,0,1,3,3,False,False,False,,0.0,0.0,,
5516130,544735354,Premier Football Circuit Slow Sim,Cowboys,Packers,24,26,False,False,0,1,3,3,False,False,False,,0.0,0.0,,
5516132,544735356,Premier Football Circuit Slow Sim,Broncos,Bengals,20,17,False,False,0,1,3,2,False,False,False,,0.0,0.0,,
5516128,544735352,Premier Football Circuit Slow Sim,Rams,Colts,34,10,False,False,0,1,3,2,False,False,False,,0.0,0.0,,
5516127,544735351,Premier Football Circuit Slow Sim,49ers,Jaguars,10,41,False,False,0,1,3,3,True,False,False,,0.0,0.0,,
5516124,544735348,Premier Football Circuit Slow Sim,Bills,Saints,21,14,False,False,0,1,3,2,False,False,False,,0.0,0.0,,
5516122,544735346,Premier Football Circuit Slow Sim,Falcons,Commanders,28,41,False,False,0,1,3,3,False,False,False,,0.0,0.0,,
5516118,544735342,Premier Football Circuit Slow Sim,Steelers,Vikings,14,24,False,False,0,1,3,3,False,False,False,,0.0,0.0,,
5516117,544735341,Premier Football Circuit Slow Sim,Cardinals,Seahawks,21,38,True,False,0,1,3,3,False,False,False,,0.0,0.0,,
5516125,544735349,Premier Football Circuit Slow Sim,Buccaneers,Eagles,41,34,False,False,0,1,3,2,False,False,False,,0.0,0.0,,
5516131,544735355,Premier Football Circuit Slow Sim,Dolphins,Jets,22,30,False,False,0,1,3,3,False,False,False,,0.0,0.0,,
5516121,544735345,Premier Football Circuit Slow Sim,Giants,Chargers,16,3,False,False,0,1,3,2,False,False,False,,0.0,0.0,,
5516135,544735359,Premier Football Circuit Slow Sim,Saints,Giants,10,31,False,False,0,1,4,3,False,False,False,,0.0,0.0,,
5516143,544735367,Premier Football Circuit Slow Sim,Chargers,Commanders,6,22,False,False,0,1,4,3,False,False,False,,0.0,0.0,,
5516138,544735362,Premier Football Circuit Slow Sim,Colts,Raiders,39,22,False,False,0,1,4,2,False,False,False,,0.0,0.0,,
5516142,544735366,Premier Football Circuit Slow Sim,Cardinals,Titans,7,13,False,False,0,1,4,3,False,False,False,,0.0,0.0,,
5516133,544735357,Premier Football Circuit Slow Sim,Rams,49ers,23,19,True,False,0,1,4,2,False,False,False,,0.0,0.0,,
5516140,544735364,Premier Football Circuit Slow Sim,Panthers,Dolphins,38,13,False,False,0,1,4,2,False,False,False,,0.0,0.0,,
5516136,544735360,Premier Football Circuit Slow Sim,Eagles,Broncos,13,41,False,False,0,1,4,3,False,False,False,,0.0,0.0,,
5516137,544735361,Premier Football Circuit Slow Sim,Jets,Cowboys,27,24,False,False,0,1,4,2,False,False,False,,0.0,0.0,,
5516141,544735365,Premier Football Circuit Slow Sim,Seahawks,Buccaneers,18,30,False,False,0,1,4,3,False,False,False,,0.0,0.0,,
5516139,544735363,Premier Football Circuit Slow Sim,Ravens,Texans,16,24,False,False,0,1,4,3,False,False,False,,0.0,0.0,,
5516134,544735358,Premier Football Circuit Slow Sim,Browns,Vikings,23,20,False,False,0,1,4,2,False,False,False,,0.0,0.0,,
5516146,544735370,Premier Football Circuit Slow Sim,Jaguars,Chiefs,27,34,False,False,0,1,4,3,False,False,False,,0.0,0.0,,
5516144,544735368,Premier Football Circuit Slow Sim,Bengals,Lions,41,27,False,False,0,1,4,2,False,False,False,,0.0,0.0,,
5516145,544735369,Premier Football Circuit Slow Sim,Bills,Patriots,13,27,False,False,0,1,4,3,False,False,False,,0.0,0.0,,
5516153,544735377,Premier Football Circuit Slow Sim,Buccaneers,49ers,0,0,False,False,0,1,5,1,False,False,False,,0.0,0.0,,
5516147,544735371,Premier Football Circuit Slow Sim,Giants,Eagles,33,10,True,False,0,1,5,2,False,False,False,,0.0,0.0,,
5516154,544735378,Premier Football Circuit Slow Sim,Saints,Patriots,31,28,False,False,0,1,5,2,False,False,False,,0.0,0.0,,
5516151,544735375,Premier Football Circuit Slow Sim,Dolphins,Chargers,23,16,False,False,0,1,5,2,False,False,False,,0.0,0.0,,
5516156,544735380,Premier Football Circuit Slow Sim,Colts,Cardinals,0,0,False,False,0,1,5,1,False,False,False,,0.0,0.0,,
5516161,544735385,Premier Football Circuit Slow Sim,Commanders,Bears,0,0,False,False,0,1,5,1,False,False,False,,0.0,0.0,,
5516159,544735383,Premier Football Circuit Slow Sim,Chiefs,Lions,0,0,False,False,0,1,5,1,False,False,False,,0.0,0.0,,
5516160,544735384,Premier Football Circuit Slow Sim,Falcons,Bills,17,18,False,False,0,1,5,3,False,False,False,,0.0,0.0,,
5516158,544735382,Premier Football Circuit Slow Sim,Packers,Bengals,20,28,False,False,0,1,5,3,False,False,False,,0.0,0.0,,
5516150,544735374,Premier Football Circuit Slow Sim,Ravens,Rams,30,37,False,False,0,1,5,3,False,False,False,,0.0,0.0,,
5516152,544735376,Premier Football Circuit Slow Sim,Steelers,Browns,24,10,False,False,0,1,5,2,False,False,False,,0.0,0.0,,
5516157,544735381,Premier Football Circuit Slow Sim,Raiders,Titans,23,13,False,False,0,1,5,2,False,False,False,,0.0,0.0,,
5516149,544735373,Premier Football Circuit Slow Sim,Jaguars,Seahawks,22,17,False,False,0,1,5,2,False,False,False,,0.0,0.0,,
5516155,544735379,Premier Football Circuit Slow Sim,Panthers,Cowboys,6,8,False,False,0,1,5,3,False,False,False,,0.0,0.0,,
5516148,544735372,Premier Football Circuit Slow Sim,Jets,Broncos,34,17,False,False,0,1,5,2,False,False,False,,0.0,0.0,,
5516173,544735397,Premier Football Circuit Slow Sim,Cowboys,Commanders,0,0,False,False,0,1,6,1,False,False,False,,0.0,0.0,,
5516162,544735386,Premier Football Circuit Slow Sim,Bengals,Steelers,0,0,True,False,0,1,6,1,False,False,False,,0.0,0.0,,
5516166,544735390,Premier Football Circuit Slow Sim,Titans,Patriots,0,0,False,False,0,1,6,1,False,False,False,,0.0,0.0,,
5516170,544735394,Premier Football Circuit Slow Sim,Broncos,Giants,0,0,False,False,0,1,6,1,False,False,False,,0.0,0.0,,
5516164,544735388,Premier Football Circuit Slow Sim,Browns,Dolphins,0,0,False,False,0,1,6,1,False,False,False,,0.0,0.0,,
5516167,544735391,Premier Football Circuit Slow Sim,Bears,Saints,0,0,False,False,0,1,6,1,False,False,False,,0.0,0.0,,
5516174,544735398,Premier Football Circuit Slow Sim,49ers,Falcons,0,0,False,False,0,1,6,1,False,False,False,,0.0,0.0,,
5516163,544735387,Premier Football Circuit Slow Sim,Jaguars,Rams,0,0,False,False,0,1,6,1,False,False,False,,0.0,0.0,,
5516168,544735392,Premier Football Circuit Slow Sim,Vikings,Eagles,0,0,False,False,0,1,6,1,False,False,False,,0.0,0.0,,
5516171,544735395,Premier Football Circuit Slow Sim,Chargers,Colts,0,0,False,False,0,1,6,1,False,False,False,,0.0,0.0,,
5516165,544735389,Premier Football Circuit Slow Sim,Jets,Panthers,0,0,False,False,0,1,6,1,False,False,False,,0.0,0.0,,
5516169,544735393,Premier Football Circuit Slow Sim,Chiefs,Raiders,0,0,False,False,0,1,6,1,False,False,False,,0.0,0.0,,
5516172,544735396,Premier Football Circuit Slow Sim,Cardinals,Packers,0,0,False,False,0,1,6,1,False,False,False,,0.0,0.0,,
5516175,544735399,Premier Football Circuit Slow Sim,Lions,Buccaneers,0,0,False,False,0,1,6,1,False,False,False,,0.0,0.0,,
5516176,544735400,Premier Football Circuit Slow Sim,Seahawks,Texans,0,0,False,False,0,1,6,1,False,False,False,,0.0,0.0,,
5516178,544735402,Premier Football Circuit Slow Sim,Bengals,Jets,0,0,False,False,0,1,7,1,False,False,False,,0.0,0.0,,
5516189,544735413,Premier Football Circuit Slow Sim,Chiefs,Commanders,0,0,False,False,0,1,7,1,False,False,False,,0.0,0.0,,
5516188,544735412,Premier Football Circuit Slow Sim,Steelers,Packers,0,0,False,False,0,1,7,1,False,False,False,,0.0,0.0,,
5516183,544735407,Premier Football Circuit Slow Sim,Panthers,Bills,0,0,False,False,0,1,7,1,False,False,False,,0.0,0.0,,
5516186,544735410,Premier Football Circuit Slow Sim,Colts,Titans,0,0,False,False,0,1,7,1,False,False,False,,0.0,0.0,,
5516187,544735411,Premier Football Circuit Slow Sim,Broncos,Cowboys,0,0,False,False,0,1,7,1,False,False,False,,0.0,0.0,,
5516181,544735405,Premier Football Circuit Slow Sim,Texans,49ers,0,0,False,False,0,1,7,1,False,False,False,,0.0,0.0,,
5516177,544735401,Premier Football Circuit Slow Sim,Chargers,Vikings,0,0,False,False,0,1,7,1,False,False,False,,0.0,0.0,,
5516184,544735408,Premier Football Circuit Slow Sim,Falcons,Dolphins,0,0,False,False,0,1,7,1,False,False,False,,0.0,0.0,,
5516179,544735403,Premier Football Circuit Slow Sim,Eagles,Giants,0,0,False,False,0,1,7,1,False,False,False,,0.0,0.0,,
5516182,544735406,Premier Football Circuit Slow Sim,Ravens,Bears,0,0,False,False,0,1,7,1,False,False,False,,0.0,0.0,,
5516180,544735404,Premier Football Circuit Slow Sim,Patriots,Browns,0,0,False,False,0,1,7,1,False,False,False,,0.0,0.0,,
5516185,544735409,Premier Football Circuit Slow Sim,Saints,Buccaneers,0,0,False,False,0,1,7,1,False,False,False,,0.0,0.0,,
5516199,544735423,Premier Football Circuit Slow Sim,Raiders,Jaguars,0,0,False,False,0,1,8,1,False,False,False,,0.0,0.0,,
5516200,544735424,Premier Football Circuit Slow Sim,Rams,Saints,0,0,False,False,0,1,8,1,False,False,False,,0.0,0.0,,
5516202,544735426,Premier Football Circuit Slow Sim,Commanders,Seahawks,0,0,False,False,0,1,8,1,False,False,False,,0.0,0.0,,
5516195,544735419,Premier Football Circuit Slow Sim,Texans,Broncos,0,0,False,False,0,1,8,1,False,False,False,,0.0,0.0,,
5516193,544735417,Premier Football Circuit Slow Sim,Titans,Chargers,0,0,False,False,0,1,8,1,False,False,False,,0.0,0.0,,
5516190,544735414,Premier Football Circuit Slow Sim,Dolphins,Ravens,0,0,False,False,0,1,8,1,False,False,False,,0.0,0.0,,
5516191,544735415,Premier Football Circuit Slow Sim,Bengals,Bears,0,0,False,False,0,1,8,1,False,False,False,,0.0,0.0,,
5516198,544735422,Premier Football Circuit Slow Sim,Steelers,Colts,0,0,False,False,0,1,8,1,False,False,False,,0.0,0.0,,
5516203,544735427,Premier Football Circuit Slow Sim,Cowboys,Cardinals,0,0,False,False,0,1,8,1,False,False,False,,0.0,0.0,,
5516201,544735425,Premier Football Circuit Slow Sim,Bills,Chiefs,0,0,False,False,0,1,8,1,False,False,False,,0.0,0.0,,
5516197,544735421,Premier Football Circuit Slow Sim,Packers,Panthers,0,0,False,False,0,1,8,1,False,False,False,,0.0,0.0,,
5516196,544735420,Premier Football Circuit Slow Sim,Patriots,Falcons,0,0,False,False,0,1,8,1,False,False,False,,0.0,0.0,,
5516194,544735418,Premier Football Circuit Slow Sim,Giants,49ers,0,0,False,False,0,1,8,1,False,False,False,,0.0,0.0,,
5516192,544735416,Premier Football Circuit Slow Sim,Lions,Vikings,0,0,False,False,0,1,8,1,False,False,False,,0.0,0.0,,
5516207,544735431,Premier Football Circuit Slow Sim,Jets,Browns,0,0,False,False,0,1,9,1,False,False,False,,0.0,0.0,,
5516205,544735429,Premier Football Circuit Slow Sim,Colts,Falcons,0,0,False,False,0,1,9,1,False,False,False,,0.0,0.0,,
5516209,544735433,Premier Football Circuit Slow Sim,Dolphins,Bills,0,0,False,False,0,1,9,1,False,False,False,,0.0,0.0,,
5516204,544735428,Premier Football Circuit Slow Sim,Broncos,Raiders,0,0,False,False,0,1,9,1,False,False,False,,0.0,0.0,,
5516213,544735437,Premier Football Circuit Slow Sim,Seahawks,Cardinals,0,0,False,False,0,1,9,1,False,False,False,,0.0,0.0,,
5516212,544735436,Premier Football Circuit Slow Sim,Texans,Jaguars,0,0,False,False,0,1,9,1,False,False,False,,0.0,0.0,,
5516217,544735441,Premier Football Circuit Slow Sim,Packers,Eagles,0,0,False,False,0,1,9,1,False,False,False,,0.0,0.0,,
5516216,544735440,Premier Football Circuit Slow Sim,Chargers,Steelers,0,0,False,False,0,1,9,1,False,False,False,,0.0,0.0,,
5516214,544735438,Premier Football Circuit Slow Sim,49ers,Rams,0,0,False,False,0,1,9,1,False,False,False,,0.0,0.0,,
5516206,544735430,Premier Football Circuit Slow Sim,Bears,Giants,0,0,False,False,0,1,9,1,False,False,False,,0.0,0.0,,
5516210,544735434,Premier Football Circuit Slow Sim,Vikings,Ravens,0,0,False,False,0,1,9,1,False,False,False,,0.0,0.0,,
5516211,544735435,Premier Football Circuit Slow Sim,Panthers,Saints,0,0,False,False,0,1,9,1,False,False,False,,0.0,0.0,,
5516215,544735439,Premier Football Circuit Slow Sim,Commanders,Lions,0,0,False,False,0,1,9,1,False,False,False,,0.0,0.0,,
5516208,544735432,Premier Football Circuit Slow Sim,Buccaneers,Patriots,0,0,False,False,0,1,9,1,False,False,False,,0.0,0.0,,
5516227,544735451,Premier Football Circuit Slow Sim,Cardinals,49ers,0,0,False,False,0,1,10,1,False,False,False,,0.0,0.0,,
5516229,544735453,Premier Football Circuit Slow Sim,Broncos,Chiefs,0,0,False,False,0,1,10,1,False,False,False,,0.0,0.0,,
5516232,544735456,Premier Football Circuit Slow Sim,Raiders,Cowboys,0,0,False,False,0,1,10,1,False,False,False,,0.0,0.0,,
5516219,544735443,Premier Football Circuit Slow Sim,Dolphins,Commanders,0,0,False,False,0,1,10,1,False,False,False,,0.0,0.0,,
5516228,544735452,Premier Football Circuit Slow Sim,Rams,Seahawks,0,0,False,False,0,1,10,1,False,False,False,,0.0,0.0,,
5516226,544735450,Premier Football Circuit Slow Sim,Vikings,Bears,0,0,False,False,0,1,10,1,False,False,False,,0.0,0.0,,
5516225,544735449,Premier Football Circuit Slow Sim,Falcons,Panthers,0,0,False,False,0,1,10,1,False,False,False,,0.0,0.0,,
5516220,544735444,Premier Football Circuit Slow Sim,Titans,Texans,0,0,False,False,0,1,10,1,False,False,False,,0.0,0.0,,
5516221,544735445,Premier Football Circuit Slow Sim,Steelers,Bengals,0,0,False,False,0,1,10,1,False,False,False,,0.0,0.0,,
5516222,544735446,Premier Football Circuit Slow Sim,Jaguars,Chargers,0,0,False,False,0,1,10,1,False,False,False,,0.0,0.0,,
5516230,544735454,Premier Football Circuit Slow Sim,Browns,Ravens,0,0,False,False,0,1,10,1,False,False,False,,0.0,0.0,,
5516223,544735447,Premier Football Circuit Slow Sim,Giants,Packers,0,0,False,False,0,1,10,1,False,False,False,,0.0,0.0,,
5516224,544735448,Premier Football Circuit Slow Sim,Bills,Buccaneers,0,0,False,False,0,1,10,1,False,False,False,,0.0,0.0,,
5516231,544735455,Premier Football Circuit Slow Sim,Eagles,Lions,0,0,False,False,0,1,10,1,False,False,False,,0.0,0.0,,
5516218,544735442,Premier Football Circuit Slow Sim,Patriots,Jets,0,0,False,False,0,1,10,1,False,False,False,,0.0,0.0,,
5516236,544735460,Premier Football Circuit Slow Sim,Lions,Giants,0,0,False,False,0,1,11,1,False,False,False,,0.0,0.0,,
5516233,544735457,Premier Football Circuit Slow Sim,Texans,Bills,0,0,False,False,0,1,11,1,False,False,False,,0.0,0.0,,
5516234,544735458,Premier Football Circuit Slow Sim,Titans,Seahawks,0,0,False,False,0,1,11,1,False,False,False,,0.0,0.0,,
5516235,544735459,Premier Football Circuit Slow Sim,Bengals,Patriots,0,0,False,False,0,1,11,1,False,False,False,,0.0,0.0,,
5516245,544735469,Premier Football Circuit Slow Sim,Rams,Buccaneers,0,0,False,False,0,1,11,1,False,False,False,,0.0,0.0,,
5516241,544735465,Premier Football Circuit Slow Sim,Cardinals,Jaguars,0,0,False,False,0,1,11,1,False,False,False,,0.0,0.0,,
5516240,544735464,Premier Football Circuit Slow Sim,Chiefs,Colts,0,0,False,False,0,1,11,1,False,False,False,,0.0,0.0,,
5516243,544735467,Premier Football Circuit Slow Sim,Cowboys,Eagles,0,0,False,False,0,1,11,1,False,False,False,,0.0,0.0,,
5516246,544735470,Premier Football Circuit Slow Sim,49ers,Panthers,0,0,False,False,0,1,11,1,False,False,False,,0.0,0.0,,
5516237,544735461,Premier Football Circuit Slow Sim,Ravens,Jets,0,0,False,False,0,1,11,1,False,False,False,,0.0,0.0,,
5516244,544735468,Premier Football Circuit Slow Sim,Saints,Falcons,0,0,False,False,0,1,11,1,False,False,False,,0.0,0.0,,
5516242,544735466,Premier Football Circuit Slow Sim,Raiders,Browns,0,0,False,False,0,1,11,1,False,False,False,,0.0,0.0,,
5516239,544735463,Premier Football Circuit Slow Sim,Packers,Vikings,0,0,False,False,0,1,11,1,False,False,False,,0.0,0.0,,
5516238,544735462,Premier Football Circuit Slow Sim,Bears,Steelers,0,0,False,False,0,1,11,1,False,False,False,,0.0,0.0,,
5516259,544735483,Premier Football Circuit Slow Sim,Steelers,Bills,0,0,False,False,0,1,12,1,False,False,False,,0.0,0.0,,
5516260,544735484,Premier Football Circuit Slow Sim,Chargers,Raiders,0,0,False,False,0,1,12,1,False,False,False,,0.0,0.0,,
5516248,544735472,Premier Football Circuit Slow Sim,Cowboys,Chiefs,0,0,False,False,0,1,12,1,False,False,False,,0.0,0.0,,
5516262,544735486,Premier Football Circuit Slow Sim,Patriots,Giants,0,0,False,False,0,1,12,1,False,False,False,,0.0,0.0,,
5516251,544735475,Premier Football Circuit Slow Sim,Panthers,Rams,0,0,False,False,0,1,12,1,False,False,False,,0.0,0.0,,
5516257,544735481,Premier Football Circuit Slow Sim,Titans,Jaguars,0,0,False,False,0,1,12,1,False,False,False,,0.0,0.0,,
5516253,544735477,Premier Football Circuit Slow Sim,Jets,Falcons,0,0,False,False,0,1,12,1,False,False,False,,0.0,0.0,,
5516249,544735473,Premier Football Circuit Slow Sim,Ravens,Bengals,0,0,False,False,0,1,12,1,False,False,False,,0.0,0.0,,
5516255,544735479,Premier Football Circuit Slow Sim,Buccaneers,Cardinals,0,0,False,False,0,1,12,1,False,False,False,,0.0,0.0,,
5516256,544735480,Premier Football Circuit Slow Sim,Dolphins,Saints,0,0,False,False,0,1,12,1,False,False,False,,0.0,0.0,,
5516247,544735471,Premier Football Circuit Slow Sim,Lions,Packers,0,0,False,False,0,1,12,1,False,False,False,,0.0,0.0,,
5516261,544735485,Premier Football Circuit Slow Sim,Commanders,Broncos,0,0,False,False,0,1,12,1,False,False,False,,0.0,0.0,,
5516254,544735478,Premier Football Circuit Slow Sim,Colts,Texans,0,0,False,False,0,1,12,1,False,False,False,,0.0,0.0,,
5516252,544735476,Premier Football Circuit Slow Sim,Browns,49ers,0,0,False,False,0,1,12,1,False,False,False,,0.0,0.0,,
5516250,544735474,Premier Football Circuit Slow Sim,Eagles,Bears,0,0,False,False,0,1,12,1,False,False,False,,0.0,0.0,,
5516258,544735482,Premier Football Circuit Slow Sim,Seahawks,Vikings,0,0,False,False,0,1,12,1,False,False,False,,0.0,0.0,,
5516265,544735489,Premier Football Circuit Slow Sim,Browns,Titans,0,0,False,False,0,1,13,1,False,False,False,,0.0,0.0,,
5516266,544735490,Premier Football Circuit Slow Sim,Vikings,Commanders,0,0,False,False,0,1,13,1,False,False,False,,0.0,0.0,,
5516268,544735492,Premier Football Circuit Slow Sim,Packers,Bears,0,0,False,False,0,1,13,1,False,False,False,,0.0,0.0,,
5516269,544735493,Premier Football Circuit Slow Sim,Falcons,Seahawks,0,0,False,False,0,1,13,1,False,False,False,,0.0,0.0,,
5516275,544735499,Premier Football Circuit Slow Sim,Chiefs,Texans,0,0,False,False,0,1,13,1,False,False,False,,0.0,0.0,,
5516267,544735491,Premier Football Circuit Slow Sim,Jets,Dolphins,0,0,False,False,0,1,13,1,False,False,False,,0.0,0.0,,
5516276,544735500,Premier Football Circuit Slow Sim,Chargers,Eagles,0,0,False,False,0,1,13,1,False,False,False,,0.0,0.0,,
5516263,544735487,Premier Football Circuit Slow Sim,Lions,Cowboys,0,0,False,False,0,1,13,1,False,False,False,,0.0,0.0,,
5516271,544735495,Premier Football Circuit Slow Sim,Ravens,Steelers,0,0,False,False,0,1,13,1,False,False,False,,0.0,0.0,,
5516272,544735496,Premier Football Circuit Slow Sim,Raiders,Broncos,0,0,False,False,0,1,13,1,False,False,False,,0.0,0.0,,
5516273,544735497,Premier Football Circuit Slow Sim,Cardinals,Rams,0,0,False,False,0,1,13,1,False,False,False,,0.0,0.0,,
5516274,544735498,Premier Football Circuit Slow Sim,Bills,Bengals,0,0,False,False,0,1,13,1,False,False,False,,0.0,0.0,,
5516270,544735494,Premier Football Circuit Slow Sim,Jaguars,Colts,0,0,False,False,0,1,13,1,False,False,False,,0.0,0.0,,
5516264,544735488,Premier Football Circuit Slow Sim,Buccaneers,Saints,0,0,False,False,0,1,13,1,False,False,False,,0.0,0.0,,
5516281,544735505,Premier Football Circuit Slow Sim,Bears,Browns,0,0,False,False,0,1,14,1,False,False,False,,0.0,0.0,,
5516279,544735503,Premier Football Circuit Slow Sim,Chiefs,Chargers,0,0,False,False,0,1,14,1,False,False,False,,0.0,0.0,,
5516282,544735506,Premier Football Circuit Slow Sim,Jaguars,Jets,0,0,False,False,0,1,14,1,False,False,False,,0.0,0.0,,
5516289,544735513,Premier Football Circuit Slow Sim,49ers,Titans,0,0,False,False,0,1,14,1,False,False,False,,0.0,0.0,,
5516290,544735514,Premier Football Circuit Slow Sim,Rams,Lions,0,0,False,False,0,1,14,1,False,False,False,,0.0,0.0,,
5516286,544735510,Premier Football Circuit Slow Sim,Saints,Panthers,0,0,False,False,0,1,14,1,False,False,False,,0.0,0.0,,
5516288,544735512,Premier Football Circuit Slow Sim,Broncos,Packers,0,0,False,False,0,1,14,1,False,False,False,,0.0,0.0,,
5516291,544735515,Premier Football Circuit Slow Sim,Cowboys,Vikings,0,0,False,False,0,1,14,1,False,False,False,,0.0,0.0,,
5516287,544735511,Premier Football Circuit Slow Sim,Seahawks,Colts,0,0,False,False,0,1,14,1,False,False,False,,0.0,0.0,,
5516283,544735507,Premier Football Circuit Slow Sim,Patriots,Bills,0,0,False,False,0,1,14,1,False,False,False,,0.0,0.0,,
5516278,544735502,Premier Football Circuit Slow Sim,Bengals,Ravens,0,0,False,False,0,1,14,1,False,False,False,,0.0,0.0,,
5516277,544735501,Premier Football Circuit Slow Sim,Buccaneers,Falcons,0,0,False,False,0,1,14,1,False,False,False,,0.0,0.0,,
5516285,544735509,Premier Football Circuit Slow Sim,Texans,Cardinals,0,0,False,False,0,1,14,1,False,False,False,,0.0,0.0,,
5516280,544735504,Premier Football Circuit Slow Sim,Giants,Commanders,0,0,False,False,0,1,14,1,False,False,False,,0.0,0.0,,
5516284,544735508,Premier Football Circuit Slow Sim,Eagles,Raiders,0,0,False,False,0,1,14,1,False,False,False,,0.0,0.0,,
5516292,544735516,Premier Football Circuit Slow Sim,Steelers,Dolphins,0,0,False,False,0,1,14,1,False,False,False,,0.0,0.0,,
5516295,544735519,Premier Football Circuit Slow Sim,Bears,Packers,0,0,False,False,0,1,15,1,False,False,False,,0.0,0.0,,
5516301,544735525,Premier Football Circuit Slow Sim,Cardinals,Falcons,0,0,False,False,0,1,15,1,False,False,False,,0.0,0.0,,
5516299,544735523,Premier Football Circuit Slow Sim,Saints,Jets,0,0,False,False,0,1,15,1,False,False,False,,0.0,0.0,,
5516298,544735522,Premier Football Circuit Slow Sim,Browns,Bills,0,0,False,False,0,1,15,1,False,False,False,,0.0,0.0,,
5516297,544735521,Premier Football Circuit Slow Sim,Giants,Vikings,0,0,False,False,0,1,15,1,False,False,False,,0.0,0.0,,
5516305,544735529,Premier Football Circuit Slow Sim,Broncos,Jaguars,0,0,False,False,0,1,15,1,False,False,False,,0.0,0.0,,
5516302,544735526,Premier Football Circuit Slow Sim,Titans,Chiefs,0,0,False,False,0,1,15,1,False,False,False,,0.0,0.0,,
5516296,544735520,Premier Football Circuit Slow Sim,Cowboys,Chargers,0,0,False,False,0,1,15,1,False,False,False,,0.0,0.0,,
5516304,544735528,Premier Football Circuit Slow Sim,Texans,Raiders,0,0,False,False,0,1,15,1,False,False,False,,0.0,0.0,,
5516294,544735518,Premier Football Circuit Slow Sim,Commanders,Eagles,0,0,False,False,0,1,15,1,False,False,False,,0.0,0.0,,
5516307,544735531,Premier Football Circuit Slow Sim,Dolphins,Bengals,0,0,False,False,0,1,15,1,False,False,False,,0.0,0.0,,
5516306,544735530,Premier Football Circuit Slow Sim,Lions,Steelers,0,0,False,False,0,1,15,1,False,False,False,,0.0,0.0,,
5516300,544735524,Premier Football Circuit Slow Sim,Ravens,Patriots,0,0,False,False,0,1,15,1,False,False,False,,0.0,0.0,,
5516303,544735527,Premier Football Circuit Slow Sim,Panthers,Buccaneers,0,0,False,False,0,1,15,1,False,False,False,,0.0,0.0,,
5516308,544735532,Premier Football Circuit Slow Sim,Colts,49ers,0,0,False,False,0,1,15,1,False,False,False,,0.0,0.0,,
5516293,544735517,Premier Football Circuit Slow Sim,Seahawks,Rams,0,0,False,False,0,1,15,1,False,False,False,,0.0,0.0,,
5516322,544735546,Premier Football Circuit Slow Sim,Bills,Eagles,0,0,False,False,0,1,16,1,False,False,False,,0.0,0.0,,
5516321,544735545,Premier Football Circuit Slow Sim,Raiders,Giants,0,0,False,False,0,1,16,1,False,False,False,,0.0,0.0,,
5516320,544735544,Premier Football Circuit Slow Sim,Panthers,Seahawks,0,0,False,False,0,1,16,1,False,False,False,,0.0,0.0,,
5516319,544735543,Premier Football Circuit Slow Sim,Titans,Saints,0,0,False,False,0,1,16,1,False,False,False,,0.0,0.0,,
5516318,544735542,Premier Football Circuit Slow Sim,Dolphins,Buccaneers,0,0,False,False,0,1,16,1,False,False,False,,0.0,0.0,,
5516317,544735541,Premier Football Circuit Slow Sim,Colts,Jaguars,0,0,False,False,0,1,16,1,False,False,False,,0.0,0.0,,
5516316,544735540,Premier Football Circuit Slow Sim,Jets,Patriots,0,0,False,False,0,1,16,1,False,False,False,,0.0,0.0,,
5516314,544735538,Premier Football Circuit Slow Sim,Bengals,Cardinals,0,0,False,False,0,1,16,1,False,False,False,,0.0,0.0,,
5516311,544735535,Premier Football Circuit Slow Sim,Chiefs,Broncos,0,0,False,False,0,1,16,1,False,False,False,,0.0,0.0,,
5516310,544735534,Premier Football Circuit Slow Sim,Vikings,Lions,0,0,False,False,0,1,16,1,False,False,False,,0.0,0.0,,
5516309,544735533,Premier Football Circuit Slow Sim,Commanders,Cowboys,0,0,False,False,0,1,16,1,False,False,False,,0.0,0.0,,
5516315,544735539,Premier Football Circuit Slow Sim,Browns,Steelers,0,0,False,False,0,1,16,1,False,False,False,,0.0,0.0,,
5516313,544735537,Premier Football Circuit Slow Sim,Chargers,Texans,0,0,False,False,0,1,16,1,False,False,False,,0.0,0.0,,
5516312,544735536,Premier Football Circuit Slow Sim,Packers,Ravens,0,0,False,False,0,1,16,1,False,False,False,,0.0,0.0,,
5516324,544735548,Premier Football Circuit Slow Sim,Falcons,Rams,0,0,False,False,0,1,16,1,False,False,False,,0.0,0.0,,
5516323,544735547,Premier Football Circuit Slow Sim,49ers,Bears,0,0,False,False,0,1,16,1,False,False,False,,0.0,0.0,,
5516331,544735555,Premier Football Circuit Slow Sim,Patriots,Dolphins,0,0,False,False,0,1,17,1,False,False,False,,0.0,0.0,,
5516332,544735556,Premier Football Circuit Slow Sim,Bills,Jets,0,0,False,False,0,1,17,1,False,False,False,,0.0,0.0,,
5516333,544735557,Premier Football Circuit Slow Sim,Giants,Cowboys,0,0,False,False,0,1,17,1,False,False,False,,0.0,0.0,,
5516334,544735558,Premier Football Circuit Slow Sim,Bears,Lions,0,0,False,False,0,1,17,1,False,False,False,,0.0,0.0,,
5516335,544735559,Premier Football Circuit Slow Sim,Bengals,Browns,0,0,False,False,0,1,17,1,False,False,False,,0.0,0.0,,
5516338,544735562,Premier Football Circuit Slow Sim,Broncos,Chargers,0,0,False,False,0,1,17,1,False,False,False,,0.0,0.0,,
5516336,544735560,Premier Football Circuit Slow Sim,Raiders,Chiefs,0,0,False,False,0,1,17,1,False,False,False,,0.0,0.0,,
5516325,544735549,Premier Football Circuit Slow Sim,Eagles,Commanders,0,0,False,False,0,1,17,1,False,False,False,,0.0,0.0,,
5516326,544735550,Premier Football Circuit Slow Sim,Steelers,Ravens,0,0,False,False,0,1,17,1,False,False,False,,0.0,0.0,,
5516327,544735551,Premier Football Circuit Slow Sim,Jaguars,Titans,0,0,False,False,0,1,17,1,False,False,False,,0.0,0.0,,
5516328,544735552,Premier Football Circuit Slow Sim,Buccaneers,Panthers,0,0,False,False,0,1,17,1,False,False,False,,0.0,0.0,,
5516329,544735553,Premier Football Circuit Slow Sim,Texans,Colts,0,0,False,False,0,1,17,1,False,False,False,,0.0,0.0,,
5516337,544735561,Premier Football Circuit Slow Sim,49ers,Seahawks,0,0,False,False,0,1,17,1,False,False,False,,0.0,0.0,,
5516340,544735564,Premier Football Circuit Slow Sim,Vikings,Packers,0,0,False,False,0,1,17,1,False,False,False,,0.0,0.0,,
5516339,544735563,Premier Football Circuit Slow Sim,Rams,Cardinals,0,0,False,False,0,1,17,1,False,False,False,,0.0,0.0,,
5516330,544735554,Premier Football Circuit Slow Sim,Falcons,Saints,0,0,False,False,0,1,17,1,False,False,False,,0.0,0.0,,
