team__displayName,team__abbrName,team__logoId,team__logo,player__position,player__rosterId,player__fullName,player__yearsPro,player__injuryLength,player__portraitId,player__jerseyNum,gamesPlayed,fantasy_points,defTotalCatchAllowed,defTotalDeflections,defTotalForcedFum,defTotalFumRec,defTotalInts,defTotalIntReturnYds,defTotalSacks,defTotalSafeties,defTotalTDs,defTotalTackles
49ers,SF,14,,DT,553386485,Alfred Collins,0,0,10521,95,1,4.00,0,1,0,0,0,0,0.50,0,0,3.00
49ers,SF,14,,REDGE,553388898,Mykel Williams,0,0,10782,98,1,7.00,0,0,0,0,0,0,2.00,0,0,3.00
49ers,SF,14,,WILL,553387660,Nick Martin,0,0,10647,45,1,5.00,0,0,0,0,0,0,1.00,0,0,3.00
49ers,SF,14,,CB,553388525,Upton Stout,0,0,10743,20,1,1.00,0,0,0,0,0,0,0.00,0,0,1.00
49ers,SF,14,,CB,553386974,Renardo Green,1,0,10090,0,1,1.00,0,1,0,0,0,0,0.00,0,0,1.00
49ers,SF,14,,MIKE,553386195,Tatum Bethune,1,0,10013,48,1,1.00,0,0,0,0,0,0,0.00,0,0,1.00
49ers,SF,14,,WILL,553388944,Dee Winters,2,0,2484,53,1,3.00,0,1,0,0,0,0,0.00,0,0,3.00
49ers,SF,14,,SS,553386316,Ji'Ayir Brown,2,0,1874,27,1,4.00,0,0,0,0,0,0,1.00,0,0,2.00
49ers,SF,14,,SAM,553388479,Baylon Spector,3,0,1953,49,1,1.00,0,0,0,0,0,0,0.00,0,0,1.00
49ers,SF,14,,CB,553387395,Jack Jones,3,0,1788,37,1,1.00,0,2,0,0,0,0,0.00,0,0,1.00
49ers,SF,14,,CB,553387562,Deommodore Lenoir,4,0,1205,2,1,1.00,0,0,0,0,0,0,0.00,0,0,1.00
49ers,SF,14,,REDGE,553387209,Bryce Huff,5,0,1453,47,1,3.00,0,0,0,0,0,0,1.00,0,0,1.00
49ers,SF,14,,LEDGE,553386243,Nick Bosa,6,0,9390,97,1,5.00,0,0,0,0,0,0,1.00,0,0,3.00
49ers,SF,14,,MIKE,553388792,Fred Warner,7,0,9101,54,1,3.00,0,0,0,0,0,0,0.50,0,0,2.00
49ers,SF,14,,FS,553388396,Justin Simmons,9,0,8214,30,1,1.00,0,2,0,0,0,0,0.00,0,0,1.00
Bears,CHI,0,,MIKE,553389121,Jailin Walker,0,0,11028,11,1,18.00,0,0,1,0,0,0,3.00,0,0,9.00
Bears,CHI,0,,DT,553388711,Shemar Turner,0,0,10761,95,1,7.00,0,0,1,1,0,0,1.00,0,0,2.00
Bears,CHI,0,,CB,553386853,Zah Frazier,0,0,10795,35,1,0.00,0,1,0,0,0,0,0.00,0,0,0.00
Bears,CHI,0,,LEDGE,553386232,Austin Booker,1,0,10016,94,1,1.00,0,0,0,0,0,0,0.00,0,0,1.00
Bears,CHI,0,,DT,553386631,Gervon Dexter Sr,2,0,2108,99,1,1.00,0,0,0,0,0,0,0.00,0,0,1.00
Bears,CHI,0,,CB,553387398,Jaylon Jones,3,0,2562,33,1,1.00,0,0,0,0,0,0,0.00,0,0,1.00
Bears,CHI,0,,CB,553386944,Kyler Gordon,3,0,1738,6,1,5.00,0,1,0,0,1,4,0.00,0,0,2.00
Bears,CHI,0,,REDGE,553388092,Jaelan Phillips,4,0,1028,0,1,3.00,0,0,0,0,0,0,0.50,0,0,2.00
Bears,CHI,0,,FS,553386577,Ashtyn Davis,5,0,235,21,1,5.00,0,0,0,0,0,0,0.00,0,0,5.00
Bears,CHI,0,,CB,553387347,Jaylon Johnson,5,0,398,1,1,1.00,0,2,0,0,0,0,0.00,0,0,1.00
Bears,CHI,0,,SS,553388022,Jonathan Owens,6,0,1497,36,1,2.00,0,1,0,0,0,0,0.00,0,0,2.00
Bears,CHI,0,,LEDGE,553388557,Montez Sweat,6,0,9643,98,1,8.00,0,0,0,0,0,0,2.50,0,0,3.00
Bears,CHI,0,,MIKE,553386712,T.J. Edwards,6,0,9449,53,1,4.00,0,0,0,0,0,0,1.00,0,0,2.00
Bears,CHI,0,,SS,553387265,Eddie Jackson,8,0,8600,39,1,1.00,0,1,0,0,0,0,0.00,0,0,1.00
Bears,CHI,0,,FS,553386375,Kevin Byard III,9,0,7928,31,1,3.00,0,1,0,0,0,0,0.00,0,0,3.00
Bengals,CIN,1,,SAM,553386413,Barrett Carter,0,0,10517,49,1,2.00,0,0,0,0,0,0,0.00,0,0,2.00
Bengals,CIN,1,,WILL,553387488,Demetrius Knight Jr.,0,0,10627,44,1,1.00,0,0,0,0,0,0,0.00,0,0,1.00
Bengals,CIN,1,,DT,553387302,Jordan Jefferson,1,0,10123,94,1,1.00,0,0,0,0,0,0,0.00,0,0,1.00
Bengals,CIN,1,,CB,553387926,Josh Newton,1,0,10194,28,1,4.00,0,0,0,0,0,0,0.00,0,0,4.00
Bengals,CIN,1,,CB,553388703,DJ Turner II,2,0,2438,20,1,2.00,0,3,0,0,0,0,0.00,0,0,2.00
Bengals,CIN,1,,SS,553386157,Jordan Battle,2,0,1298,27,1,0.00,0,1,0,0,0,0,0.00,0,0,0.00
Bengals,CIN,1,,CB,553387145,Dax Hill,3,0,1766,23,1,1.00,0,2,0,0,0,0,0.00,0,0,1.00
Bengals,CIN,1,,FS,553388522,Geno Stone,5,0,590,22,1,5.00,0,1,0,0,1,22,0.00,0,0,2.00
Bengals,CIN,1,,MIKE,553388924,Logan Wilson,5,0,675,55,1,9.00,0,0,1,0,0,0,1.00,0,0,4.00
Bengals,CIN,1,,DT,553387143,B.J. Hill,7,0,8923,92,1,1.00,0,0,0,0,0,0,0.00,0,0,1.00
Bengals,CIN,1,,WILL,553386356,Oren Burks,7,0,8829,42,1,5.00,0,0,0,0,0,0,1.00,0,0,3.00
Bengals,CIN,1,,REDGE,553387111,Trey Hendrickson,8,0,8581,91,1,8.00,0,0,0,0,0,0,2.00,0,0,4.00
Bills,BUF,2,,CB,553388537,Dorian Strong,0,0,10744,43,1,3.00,0,0,0,0,0,0,0.00,0,0,3.00
Bills,BUF,2,,CB,553386999,Maxwell Hairston,0,0,10570,31,1,3.00,0,0,0,0,0,0,0.00,0,0,3.00
Bills,BUF,2,,DT,553388323,T.J. Sanders,0,0,10719,98,1,4.00,0,0,0,0,0,0,1.00,0,0,2.00
Bills,BUF,2,,WILL,553387283,Curtis Jacobs,1,0,10119,46,1,1.00,0,0,0,0,0,0,0.00,0,0,1.00
Bills,BUF,2,,MIKE,553388430,Brandon Smith,3,0,1944,51,1,2.00,0,0,0,0,0,0,0.00,0,0,2.00
Bills,BUF,2,,CB,553386182,Christian Benford,3,0,2684,47,1,2.00,0,0,0,0,0,0,0.00,0,0,2.00
Bills,BUF,2,,MIKE,553386191,Terrel Bernard,3,0,1173,8,1,5.00,0,1,0,0,0,0,0.00,0,0,5.00
Bills,BUF,2,,FS,553387020,Damar Hamlin,4,0,1254,3,1,5.00,0,0,0,0,1,16,0.00,0,0,2.00
Bills,BUF,2,,LEDGE,553388286,Greg Rousseau,4,0,928,50,1,1.00,0,1,0,0,0,0,0.00,0,0,1.00
Bills,BUF,2,,SS,553388168,Taylor Rapp,6,0,9606,9,1,3.00,0,0,0,0,0,0,0.00,0,0,3.00
Bills,BUF,2,,CB,553387358,Taron Johnson,7,0,8949,7,1,1.00,0,2,0,0,0,0,0.00,0,0,1.00
Bills,BUF,2,,REDGE,553386242,Joey Bosa,9,0,7902,97,1,0.00,0,1,0,0,0,0,0.00,0,0,0.00
Bills,BUF,2,,MIKE,553388634,Shaq Thompson,10,0,7352,45,1,3.00,0,1,0,0,0,0,0.00,0,0,3.00
Bills,BUF,2,,DT,553387389,DaQuan Jones,11,0,6474,92,1,1.00,0,0,0,0,0,0,0.00,0,0,1.00
Broncos,DEN,3,,CB,553386138,Jahdae Barron,0,0,10485,23,1,3.00,0,1,0,0,0,0,0.00,0,0,3.00
Broncos,DEN,3,,LEDGE,553386734,Jonah Elliss,1,0,10066,52,1,1.00,0,0,0,0,0,0,0.00,0,0,1.00
Broncos,DEN,3,,MIKE,553388318,Drew Sanders,2,0,2382,41,1,2.00,0,0,0,0,0,0,0.00,0,0,2.00
Broncos,DEN,3,,CB,553387761,Ja'Quan McMillian,2,0,10421,29,1,1.00,0,0,0,0,0,0,0.00,0,0,1.00
Broncos,DEN,3,,CB,553387866,Riley Moss,2,0,2330,21,1,3.00,0,0,0,0,0,0,0.00,0,0,3.00
Broncos,DEN,3,,REDGE,553386229,Nik Bonitto,3,0,1181,15,1,19.00,0,0,0,0,0,0,6.50,0,0,6.00
Broncos,DEN,3,,MIKE,553389150,Garret Wallow,4,0,1238,50,1,1.00,0,0,0,0,0,0,0.00,0,0,1.00
Broncos,DEN,3,,LEDGE,553386513,Jonathon Cooper,4,0,910,0,1,6.00,0,0,0,0,0,0,2.00,0,0,2.00
Broncos,DEN,3,,CB,553388549,Patrick Surtain II,4,0,1301,2,1,6.00,0,2,0,0,2,237,0.00,0,0,0.00
Broncos,DEN,3,,SS,553387208,Talanoa Hufanga,4,0,1164,9,1,3.00,0,0,0,0,1,16,0.00,0,0,0.00
Broncos,DEN,3,,FS,553387379,Brandon Jones,5,0,404,22,1,1.00,0,0,0,0,0,0,0.00,0,0,1.00
Broncos,DEN,3,,WILL,553388532,Justin Strnad,5,0,593,40,1,1.00,0,0,0,0,0,0,0.00,0,0,1.00
Broncos,DEN,3,,MIKE,553386977,Dre Greenlaw,6,0,9480,57,1,2.00,0,0,0,0,0,0,0.00,0,0,2.00
Broncos,DEN,3,,SS,553387593,P.J. Locke,6,0,1475,6,1,1.00,0,0,0,0,0,0,0.00,0,0,1.00
Broncos,DEN,3,,DT,553386038,Zach Allen,6,0,9366,99,1,3.00,0,0,0,0,0,0,0.50,0,0,2.00
Broncos,DEN,3,,WILL,553388405,Alex Singleton,7,0,573,49,1,10.00,0,1,0,0,0,0,1.00,0,0,8.00
Broncos,DEN,3,,DT,553386849,John Franklin-Myers,7,0,8892,98,1,4.00,0,0,0,0,0,0,1.00,0,0,2.00
Browns,CLE,4,,MIKE,553388344,Carson Schwesinger,0,0,10724,49,1,4.00,0,1,0,0,0,0,0.00,0,0,4.00
Browns,CLE,4,,DT,553386952,Mason Graham,0,0,10564,94,1,1.00,0,1,0,0,0,0,0.00,0,0,1.00
Browns,CLE,4,,WILL,553386632,Mohamoud Diabate,2,0,10892,43,1,1.00,0,0,0,0,0,0,0.00,0,0,1.00
Browns,CLE,4,,WILL,553388024,Jeremiah Owusu-Koramoah,4,0,1060,6,1,8.00,0,0,0,0,1,9,0.00,0,0,5.00
Browns,CLE,4,,CB,553386400,Tyson Campbell,4,0,1355,7,1,2.00,0,1,0,0,0,0,0.00,0,0,2.00
Browns,CLE,4,,FS,553386623,Grant Delpit,5,0,249,9,1,3.00,0,0,0,1,0,0,0.00,0,0,3.00
Browns,CLE,4,,SS,553388393,Isaiah Simmons,5,0,569,28,1,3.00,0,0,0,0,0,0,0.00,0,0,3.00
Browns,CLE,4,,DT,553388868,Christian Wilkins,6,0,9673,97,1,6.00,0,0,0,0,0,0,1.00,0,0,4.00
Browns,CLE,4,,CB,553388787,Denzel Ward,7,0,9100,21,1,3.00,0,1,0,0,0,0,0.00,0,0,3.00
Browns,CLE,4,,REDGE,553386889,Myles Garrett,8,0,8560,95,1,6.00,0,1,1,0,0,0,1.00,0,0,1.00
Browns,CLE,4,,SS,553387312,Rayshawn Jenkins,8,0,8601,5,1,1.00,0,0,0,0,0,0,0.00,0,0,1.00
Browns,CLE,4,,LEDGE,553386137,Shaquil Barrett,11,0,7656,92,1,4.00,0,0,0,0,0,0,1.00,0,0,2.00
Buccaneers,TB,5,,CB,553387859,Benjamin Morrison,0,0,10670,21,1,1.00,0,0,0,0,0,0,0.00,0,0,1.00
Buccaneers,TB,5,,CB,553388040,Jacob Parrish,0,0,10687,25,1,1.00,0,2,0,0,0,0,0.00,0,0,1.00
Buccaneers,TB,5,,SS,553388457,Tykee Smith,1,0,10251,23,1,1.00,0,0,0,0,0,0,0.00,0,0,1.00
Buccaneers,TB,5,,DT,553387440,Calijah Kancey,2,0,2275,94,1,3.00,0,0,0,0,0,0,1.00,0,0,1.00
Buccaneers,TB,5,,WILL,553386626,SirVocea Dennis,2,0,2107,8,1,5.00,0,0,0,0,0,0,1.00,0,0,3.00
Buccaneers,TB,5,,REDGE,553386633,Yaya Diaby,2,0,2114,0,1,4.00,0,0,0,0,0,0,1.00,0,0,2.00
Buccaneers,TB,5,,MIKE,553387527,Nate Landman,3,0,1804,53,1,4.00,0,0,0,0,0,0,0.00,0,0,4.00
Buccaneers,TB,5,,CB,553387709,Zyon McCollum,3,0,1840,27,1,3.00,0,1,0,0,0,0,0.00,0,0,3.00
Buccaneers,TB,5,,FS,553388935,Antoine Winfield Jr,5,0,680,31,1,3.00,0,0,0,0,0,0,0.00,0,0,3.00
Buccaneers,TB,5,,CB,553386608,Jamel Dean,6,0,9435,35,1,5.00,0,1,0,0,0,0,0.00,0,0,5.00
Buccaneers,TB,5,,SAM,553388567,Sione Takitaki,6,0,9647,40,1,1.00,0,0,0,0,0,0,0.00,0,0,1.00
Buccaneers,TB,5,,DT,553388741,Vita Vea,7,0,9093,50,1,4.00,0,0,0,0,0,0,1.00,0,0,2.00
Buccaneers,TB,5,,LEDGE,553388181,Haason Reddick,8,0,8696,5,1,1.00,0,1,0,0,0,0,0.00,0,0,1.00
Buccaneers,TB,5,,MIKE,553387391,Deion Jones,9,0,8084,45,1,2.00,0,0,0,0,0,0,0.00,0,0,2.00
Cardinals,ARI,6,,WILL,553388397,Cody Simon,0,0,10729,50,1,1.00,0,0,0,0,0,0,0.00,0,0,1.00
Cardinals,ARI,6,,SS,553386532,Kitan Crawford,0,0,10529,36,1,3.00,0,0,0,0,1,254,0.00,0,0,0.00
Cardinals,ARI,6,,DT,553387943,Walter Nolen,0,0,10681,97,1,6.00,0,0,0,0,0,0,2.00,0,0,2.00
Cardinals,ARI,6,,CB,553387364,Will Johnson,0,0,10614,0,1,5.00,0,0,0,0,0,0,0.00,0,0,5.00
Cardinals,ARI,6,,FS,553388590,Dadrion Taylor-Demerson,1,0,10260,42,1,5.00,0,0,0,0,0,0,1.00,0,0,3.00
Cardinals,ARI,6,,CB,553387779,Max Melton,1,0,10178,16,1,3.00,0,0,0,0,1,255,0.00,0,0,0.00
Cardinals,ARI,6,,CB,553388880,Garrett Williams,2,0,2478,21,1,7.00,0,0,0,0,1,11,0.00,0,0,4.00
Cardinals,ARI,6,,LEDGE,553386329,Baron Browning,4,0,1041,5,1,1.00,0,0,0,0,0,0,0.00,0,0,1.00
Cardinals,ARI,6,,LEDGE,553386489,Zaven Collins,4,0,1012,25,1,3.00,0,0,0,0,0,0,1.00,0,0,1.00
Cardinals,ARI,6,,MIKE,553386601,Akeem Davis-Gaither,5,0,245,27,1,4.00,0,1,0,0,0,0,0.00,0,0,4.00
Cardinals,ARI,6,,FS,553388631,Jalen Thompson,6,0,1532,34,1,2.00,0,1,0,0,0,0,0.00,0,0,2.00
Cardinals,ARI,6,,WILL,553388916,Mack Wilson Sr,6,0,9685,2,1,3.00,0,0,0,0,0,0,0.00,0,0,3.00
Cardinals,ARI,6,,CB,553387891,Sean Murphy-Bunting,6,0,9405,23,1,4.00,0,1,0,0,0,0,0.00,0,0,4.00
Cardinals,ARI,6,,REDGE,553388556,Josh Sweat,7,0,9073,10,1,15.00,0,0,1,1,0,0,4.00,0,0,4.00
Cardinals,ARI,6,,SS,553386111,Budda Baker,8,0,8472,3,1,3.00,0,0,0,0,0,0,0.00,0,0,3.00
Cardinals,ARI,6,,DT,553388657,Dalvin Tomlinson,8,0,8753,94,1,3.00,0,0,0,0,0,0,1.00,0,0,1.00
Chargers,LAC,7,,MIKE,553386491,Junior Colson,1,0,10040,25,1,3.00,0,0,0,0,0,0,0.00,0,0,3.00
Chargers,LAC,7,,CB,553388511,Tarheeb Still,1,0,10255,29,1,3.00,0,1,0,0,0,0,0.00,0,0,3.00
Chargers,LAC,7,,WILL,553387112,Daiyan Henley,2,0,2186,0,1,7.00,0,0,0,0,1,6,0.00,0,0,4.00
Chargers,LAC,7,,DT,553388708,Kobie Turner,2,0,5178,98,1,1.00,0,0,0,0,0,0,0.00,0,0,1.00
Chargers,LAC,7,,CB,553388516,Benjamin St-Juste,4,0,1144,24,1,1.00,0,0,0,0,0,0,0.00,0,0,1.00
Chargers,LAC,7,,FS,553387829,Elijah Molden,4,0,1341,2,1,6.00,0,0,0,0,1,16,0.00,0,0,3.00
Chargers,LAC,7,,REDGE,553388020,Odafe Oweh,4,0,1602,97,1,2.00,0,1,0,0,0,0,0.00,0,0,2.00
Chargers,LAC,7,,DT,553387027,Da'Shawn Hand,7,0,8910,91,1,0.00,0,0,0,1,0,0,0.00,0,0,0.00
Chargers,LAC,7,,SS,553387288,Derwin James Jr,7,0,8943,3,1,4.00,0,0,0,0,0,0,0.00,0,0,4.00
Chargers,LAC,7,,CB,553387263,Donte Jackson,7,0,8936,26,1,8.00,0,0,1,0,0,0,0.00,0,0,5.00
Chargers,LAC,7,,FS,553388895,Marcus Williams,8,0,8779,35,1,1.00,0,1,0,0,0,0,0.00,0,0,1.00
Chargers,LAC,7,,SS,553387306,Tony Jefferson,10,0,6728,23,1,2.00,0,0,0,0,0,0,0.00,0,0,2.00
Chargers,LAC,7,,REDGE,553387635,Khalil Mack,11,0,6504,98,1,8.00,0,0,1,0,0,0,1.00,0,0,3.00
Chiefs,KC,8,,REDGE,553386914,Ashton Gillotte,0,0,10561,97,1,0.00,0,0,0,1,0,0,0.00,0,0,0.00
Chiefs,KC,8,,WILL,553386149,Jeffrey Bassa,0,0,10487,31,1,1.00,0,0,0,0,0,0,0.00,0,0,1.00
Chiefs,KC,8,,CB,553388899,Nohl Williams,0,0,10783,20,1,4.00,0,0,0,0,0,0,0.00,0,0,4.00
Chiefs,KC,8,,SS,553387136,Jaden Hicks,1,0,10107,21,1,2.00,0,0,0,0,0,0,0.00,0,0,2.00
Chiefs,KC,8,,SS,553386496,Chamarri Conner,2,0,2062,27,1,5.00,0,0,0,0,0,0,0.00,0,0,5.00
Chiefs,KC,8,,FS,553386502,Bryan Cook,3,0,1303,6,1,2.00,0,0,0,0,0,0,0.00,0,0,2.00
Chiefs,KC,8,,LEDGE,553387443,George Karlaftis,3,0,1795,56,1,1.00,0,0,0,0,0,0,0.00,0,0,1.00
Chiefs,KC,8,,CB,553388813,Jaylen Watson,3,0,2014,35,1,3.00,0,0,0,0,0,0,0.00,0,0,3.00
Chiefs,KC,8,,SAM,553386441,Leo Chenal,3,0,1269,54,1,6.00,0,0,0,0,0,0,0.00,0,0,6.00
Chiefs,KC,8,,CB,553387724,Trent McDuffie,3,0,1844,22,1,5.00,0,1,0,0,1,2,0.00,0,0,2.00
Chiefs,KC,8,,MIKE,553386228,Nick Bolton,4,0,977,32,1,3.00,0,0,0,0,0,0,0.00,0,0,3.00
Chiefs,KC,8,,DT,553388001,Charles Omenihu,6,0,9592,90,1,4.00,0,0,0,0,0,0,1.00,0,0,2.00
Chiefs,KC,8,,WILL,553388676,Drue Tranquill,6,0,9659,23,1,3.00,0,0,0,0,0,0,0.00,0,0,3.00
Chiefs,KC,8,,DT,553387385,Chris Jones,9,0,8082,95,1,9.00,0,0,1,0,0,0,1.00,0,0,4.00
Colts,IND,9,,REDGE,553388695,JT Tuimoloau,0,0,10760,91,1,6.00,0,0,0,0,0,0,2.00,0,0,2.00
Colts,IND,9,,CB,553387399,Jaylon Jones,2,0,2249,40,1,1.00,0,0,0,0,0,0,0.00,0,0,1.00
Colts,IND,9,,CB,553386207,Mekhi Blackmon,2,0,1551,29,1,2.00,0,0,0,0,0,0,0.00,0,0,2.00
Colts,IND,9,,SAM,553387879,Chad Muma,3,0,1860,55,1,2.00,0,0,0,0,0,0,0.00,0,0,2.00
Colts,IND,9,,FS,553386540,Nick Cross,3,0,1319,20,1,5.00,0,0,0,0,0,0,0.00,0,0,5.00
Colts,IND,9,,SS,553388605,Rodney Thomas II,3,0,2152,25,1,1.00,0,0,0,0,0,0,0.00,0,0,1.00
Colts,IND,9,,SS,553386376,Camryn Bynum,4,0,1158,0,1,4.00,0,0,0,0,0,0,1.00,0,0,2.00
Colts,IND,9,,REDGE,553388054,Kwity Paye,4,0,1056,51,1,3.00,0,0,0,0,0,0,0.50,0,0,2.00
Colts,IND,9,,SAM,553388091,Jacob Phillips,5,0,524,54,1,1.00,0,0,0,0,0,0,0.00,0,0,1.00
Colts,IND,9,,WILL,553388130,Germaine Pratt,6,0,9603,53,1,4.00,0,0,0,0,1,7,0.00,0,0,1.00
Colts,IND,9,,CB,553388786,Charvarius Ward,7,0,9951,7,1,1.00,0,0,0,0,0,0,0.00,0,0,1.00
Colts,IND,9,,MIKE,553386848,Zaire Franklin,7,0,9777,44,1,3.00,0,0,0,0,0,0,0.00,0,0,3.00
Colts,IND,9,,DT,553388505,Grover Stewart,8,0,9293,90,1,4.00,0,0,0,0,0,0,0.50,0,0,3.00
Colts,IND,9,,CB,553387839,Kenny Moore II,8,0,9244,23,1,6.00,0,1,0,0,0,0,0.00,0,0,6.00
Colts,IND,9,,DT,553386345,DeForest Buckner,9,0,7920,99,1,3.00,0,0,0,0,0,0,1.00,0,0,1.00
Commanders,WAS,25,,SAM,553387773,Kain Medrano,0,0,10659,56,1,3.00,0,1,0,0,0,0,0.00,0,0,3.00
Commanders,WAS,25,,CB,553386045,Trey Amos,0,0,10477,23,1,3.00,0,1,0,0,0,0,0.00,0,0,3.00
Commanders,WAS,25,,DT,553387925,Jer'Zhan Newton,1,0,10193,95,1,5.00,0,0,0,0,0,0,1.50,0,0,2.00
Commanders,WAS,25,,WILL,553387641,Jordan Magee,1,0,10413,58,1,4.00,0,0,0,0,0,0,0.00,0,0,4.00
Commanders,WAS,25,,CB,553388306,Mike Sainristil,1,0,10239,0,1,1.00,0,1,0,0,0,0,0.00,0,0,1.00
Commanders,WAS,25,,SS,553388023,Tyler Owens,1,0,10203,18,1,5.00,0,0,0,0,0,0,1.00,0,0,3.00
Commanders,WAS,25,,FS,553387661,Quan Martin,2,0,2296,20,1,0.00,0,1,0,0,0,0,0.00,0,0,0.00
Commanders,WAS,25,,REDGE,553388054,Kwity Paye,4,0,1056,51,1,3.00,0,0,0,0,0,0,0.50,0,0,2.00
Commanders,WAS,25,,SS,553386886,C.J. Gardner-Johnson,6,0,9466,28,1,1.00,0,0,0,0,0,0,0.00,0,0,1.00
Commanders,WAS,25,,DT,553388055,Da'Ron Payne,7,0,9016,94,1,3.00,0,0,0,0,0,0,0.00,0,0,3.00
Commanders,WAS,25,,WILL,553387629,Frankie Luvu,7,0,9340,4,1,4.00,0,1,0,0,0,0,1.00,0,0,2.00
Commanders,WAS,25,,CB,553387535,Marshon Lattimore,8,0,8632,2,1,6.00,0,1,0,0,1,33,0.00,0,0,3.00
Commanders,WAS,25,,CB,553387400,Jonathan Jones,9,0,8085,31,1,2.00,0,0,0,0,0,0,0.00,0,0,2.00
Commanders,WAS,25,,REDGE,553387635,Khalil Mack,11,0,6504,98,1,8.00,0,0,1,0,0,0,1.00,0,0,3.00
Commanders,WAS,25,,REDGE,553387802,Von Miller,14,0,4432,24,1,7.00,0,0,1,0,0,0,1.50,0,0,1.00
Cowboys,DAL,10,,LEDGE,553386765,Donovan Ezeiruaku,0,0,10547,41,1,2.00,0,0,0,0,0,0,0.00,0,0,2.00
Cowboys,DAL,10,,CB,553388199,Shavon Revel Jr.,0,0,10705,34,1,3.00,0,0,0,0,0,0,0.00,0,0,3.00
Cowboys,DAL,10,,CB,553386409,Caelen Carson,1,0,10029,21,1,1.00,0,0,0,0,0,0,0.00,0,0,1.00
Cowboys,DAL,10,,WILL,553388019,DeMarvion Overshown,2,0,2344,0,1,7.00,0,1,0,0,1,7,0.00,0,0,4.00
Cowboys,DAL,10,,WILL,553386456,Damone Clark,3,0,1272,18,1,2.00,0,0,0,0,0,0,0.00,0,0,2.00
Cowboys,DAL,10,,CB,553386212,DaRon Bland,3,0,2689,26,1,3.00,0,1,0,0,0,0,0.00,0,0,3.00
Cowboys,DAL,10,,CB,553386726,Kaiir Elam,3,0,1561,20,1,3.00,0,0,0,0,0,0,0.00,0,0,3.00
Cowboys,DAL,10,,DT,553387959,Osa Odighizuwa,4,0,894,97,1,1.00,0,0,0,0,0,0,0.00,0,0,1.00
Cowboys,DAL,10,,MIKE,553387892,Kenneth Murray Jr,5,0,477,59,1,2.00,0,0,0,0,0,0,0.00,0,0,2.00
Cowboys,DAL,10,,CB,553386643,Trevon Diggs,5,0,250,7,1,3.00,0,3,0,0,0,0,0.00,0,0,3.00
Cowboys,DAL,10,,SS,553388918,Donovan Wilson,6,0,9684,6,1,6.00,0,1,1,0,0,0,0.00,0,0,3.00
Cowboys,DAL,10,,FS,553387182,Malik Hooker,8,0,8592,28,1,2.00,0,0,0,0,0,0,0.00,0,0,2.00
Cowboys,DAL,10,,DT,553386459,Kenny Clark,9,0,7947,95,1,3.00,0,0,1,0,0,0,0.00,0,0,0.00
Cowboys,DAL,10,,REDGE,553386468,Jadeveon Clowney,11,0,6380,42,1,2.00,0,0,0,0,0,0,0.00,0,0,2.00
Dolphins,MIA,11,,FS,553388674,Dante Trader Jr.,0,0,10756,11,1,1.00,0,0,0,0,0,0,0.00,0,0,1.00
Dolphins,MIA,11,,DT,553386959,Kenneth Grant,0,0,10566,90,1,4.00,0,0,0,0,0,0,1.00,0,0,2.00
Dolphins,MIA,11,,REDGE,553388245,Chop Robinson,1,0,10229,44,1,2.00,0,0,0,0,0,0,0.50,0,0,1.00
Dolphins,MIA,11,,CB,553387494,Kader Kohou,3,0,4611,4,1,5.00,0,0,0,0,0,0,0.00,0,0,5.00
Dolphins,MIA,11,,SS,553387776,Ifeatu Melifonwu,4,0,1299,9,1,1.00,0,0,0,0,0,0,0.00,0,0,1.00
Dolphins,MIA,11,,MIKE,553386294,Jordyn Brooks,5,0,180,20,1,1.00,0,0,0,0,0,0,0.00,0,0,1.00
Dolphins,MIA,11,,SS,553386206,Julian Blackmon,5,0,97,22,1,2.00,0,0,0,0,0,0,0.00,0,0,2.00
Dolphins,MIA,11,,WILL,553386654,Tyrel Dodson,6,0,9441,25,1,2.00,0,0,0,0,0,0,0.00,0,0,2.00
Dolphins,MIA,11,,LEDGE,553386450,Bradley Chubb,7,0,8845,2,1,3.00,0,0,0,0,0,0,1.00,0,0,1.00
Dolphins,MIA,11,,SAM,553386187,Ja'Whaun Bentley,7,0,9706,45,1,3.00,0,0,0,0,0,0,0.00,0,0,3.00
Dolphins,MIA,11,,FS,553386809,Minkah Fitzpatrick,7,0,8887,29,1,4.00,0,0,0,0,0,0,0.00,0,0,4.00
Dolphins,MIA,11,,WILL,553386706,Tremaine Edmunds,7,0,8875,49,1,6.00,0,0,0,0,0,0,1.00,0,0,4.00
Dolphins,MIA,11,,DT,553388387,Zach Sieler,7,0,9351,92,1,1.00,0,0,0,0,0,0,0.50,0,0,0.00
Dolphins,MIA,11,,CB,553386665,Rasul Douglas,8,0,8535,26,1,0.00,0,2,0,0,0,0,0.00,0,0,0.00
Dolphins,MIA,11,,CB,553386916,Stephon Gilmore,13,0,5184,27,1,2.00,0,0,0,0,0,0,0.00,0,0,2.00
Eagles,PHI,12,,SS,553387874,Andrew Mukuba,0,0,10672,24,1,5.00,0,1,0,0,0,0,0.50,0,0,4.00
Eagles,PHI,12,,MIKE,553386397,Jihaad Campbell,0,0,10514,30,1,4.00,0,1,0,0,0,0,0.00,0,0,4.00
Eagles,PHI,12,,WILL,553387831,Smael Mondon Jr.,0,0,10667,42,1,2.00,0,0,0,0,0,0,0.00,0,0,2.00
Eagles,PHI,12,,CB,553386617,Cooper DeJean,1,0,10053,33,1,4.00,0,1,0,0,0,0,0.00,0,0,4.00
Eagles,PHI,12,,CB,553387824,Quinyon Mitchell,1,0,10184,27,1,4.00,0,1,0,0,0,0,0.00,0,0,4.00
Eagles,PHI,12,,DT,553386416,Jalen Carter,2,0,2563,98,1,5.00,0,0,0,0,0,0,1.00,0,0,3.00
Eagles,PHI,12,,LEDGE,553388425,Nolan Smith Jr,2,0,2402,3,1,1.00,0,1,0,0,0,0,0.00,0,0,1.00
Eagles,PHI,12,,SS,553386324,Sydney Brown,2,0,1901,21,1,1.00,0,0,0,0,0,0,0.00,0,0,1.00
Eagles,PHI,12,,DT,553386588,Jordan Davis,3,0,1333,90,1,7.00,0,0,0,0,0,0,2.00,0,0,3.00
Eagles,PHI,12,,SAM,553386609,Nakobe Dean,3,0,1347,17,1,0.00,0,1,0,0,0,0,0.00,0,0,0.00
Eagles,PHI,12,,FS,553386213,Reed Blankenship,3,0,2850,32,1,2.00,0,0,0,0,0,0,0.00,0,0,2.00
Eagles,PHI,12,,WILL,553386158,Zack Baun,5,0,87,53,1,6.00,0,1,0,0,0,0,0.50,0,0,5.00
Eagles,PHI,12,,FS,553386743,Marcus Epps,6,0,120,39,1,2.00,0,1,0,0,0,0,0.00,0,0,2.00
Eagles,PHI,12,,CB,553387253,Adoree' Jackson,8,0,8599,8,1,1.00,0,0,0,0,0,0,0.00,0,0,1.00
Falcons,ATL,13,,CB,553386248,Billy Bowman Jr.,0,0,10496,33,1,8.00,0,0,0,0,0,0,0.00,0,0,8.00
Falcons,ATL,13,,LEDGE,553388768,Jalon Walker,0,0,10766,11,1,0.00,0,0,0,1,0,0,0.00,0,0,0.00
Falcons,ATL,13,,REDGE,553388057,James Pearce Jr.,0,0,10689,27,1,1.00,0,0,0,0,0,0,0.00,0,0,1.00
Falcons,ATL,13,,SS,553388824,Xavier Watts,0,0,10771,31,1,2.00,0,2,0,0,0,0,0.00,0,0,2.00
Falcons,ATL,13,,DT,553388008,Ruke Orhorhoro,1,0,10202,98,1,6.00,0,0,1,0,0,0,1.00,0,0,1.00
Falcons,ATL,13,,CB,553388087,Clark Phillips III,2,0,2354,22,1,2.00,0,0,0,0,0,0,0.00,0,0,2.00
Falcons,ATL,13,,FS,553387103,DeMarcco Hellams,2,0,2185,23,1,2.00,0,0,0,0,0,0,0.00,0,0,2.00
Falcons,ATL,13,,CB,553388601,A.J. Terrell Jr,5,0,610,24,1,4.00,0,1,0,0,0,0,0.00,0,0,4.00
Falcons,ATL,13,,SS,553386865,Jordan Fuller,5,0,285,29,1,2.00,0,0,0,0,0,0,0.00,0,0,2.00
Falcons,ATL,13,,REDGE,553386954,Carl Granderson,6,0,9475,97,1,2.00,0,0,0,0,0,0,0.00,0,0,2.00
Falcons,ATL,13,,MIKE,553386735,Kaden Elliss,6,0,119,55,1,8.00,0,0,0,0,0,0,0.00,0,0,8.00
Falcons,ATL,13,,FS,553386152,Jessie Bates III,7,0,8815,3,1,11.00,0,1,0,0,2,13,0.00,0,0,5.00
Falcons,ATL,13,,DT,553388006,David Onyemata,9,0,8169,90,1,1.00,0,0,0,0,0,0,0.00,0,0,1.00
Falcons,ATL,13,,MIKE,553387458,Eric Kendricks,10,0,7200,50,1,1.00,0,1,0,0,0,0,0.00,0,0,1.00
Giants,NYG,15,,LEDGE,553386412,Abdul Carter,0,0,10516,51,1,1.00,0,1,0,0,0,0,0.50,0,0,0.00
Giants,NYG,15,,DT,553386018,Darius Alexander,0,0,10474,91,1,6.00,0,0,0,0,0,0,2.00,0,0,2.00
Giants,NYG,15,,FS,553386260,Beau Brade,1,0,10019,34,1,1.00,0,0,0,0,0,0,0.00,0,0,1.00
Giants,NYG,15,,CB,553388089,Dru Phillips,1,0,10208,22,1,1.00,0,3,0,0,0,0,0.00,0,0,1.00
Giants,NYG,15,,SS,553387950,Tyler Nubin,1,0,10197,27,1,2.00,0,0,0,0,0,0,0.00,0,0,2.00
Giants,NYG,15,,CB,553386119,Deonte Banks,2,0,1120,2,1,2.00,0,1,0,0,0,0,0.00,0,0,2.00
Giants,NYG,15,,CB,553386813,Cor'Dale Flott,3,0,1580,28,1,2.00,0,1,0,0,0,0,0.00,0,0,2.00
Giants,NYG,15,,SS,553386181,Dane Belton,3,0,1172,24,1,3.00,0,0,0,0,1,41,0.00,0,0,0.00
Giants,NYG,15,,SAM,553387726,Micah McFadden,3,0,1846,41,1,2.00,0,0,0,1,0,0,0.00,0,0,2.00
Giants,NYG,15,,FS,553387172,Jevon Holland,4,0,1161,8,1,1.00,0,0,0,0,0,0,0.00,0,0,1.00
Giants,NYG,15,,CB,553386002,Paulson Adebo,4,0,1098,21,1,3.00,0,1,0,0,0,0,0.00,0,0,3.00
Giants,NYG,15,,MIKE,553387979,Bobby Okereke,6,0,9588,58,1,2.00,0,2,0,0,0,0,0.00,0,0,2.00
Giants,NYG,15,,REDGE,553386363,Brian Burns,6,0,9406,0,1,9.00,0,0,0,0,0,0,2.00,0,0,5.00
Giants,NYG,15,,DT,553387541,Dexter Lawrence II,6,0,9548,97,1,7.00,0,0,1,0,0,0,1.50,0,0,1.00
Giants,NYG,15,,WILL,553387792,Matt Milano,8,0,8664,56,1,2.00,0,0,0,0,0,0,0.00,0,0,2.00
Giants,NYG,15,,DT,553388239,Roy Robertson-Harris,9,0,8196,95,1,4.00,0,0,0,0,0,0,1.00,0,0,2.00
Giants,NYG,15,,MIKE,553387129,Neville Hewitt,10,0,7712,47,1,1.00,0,0,0,0,0,0,0.00,0,0,1.00
Jaguars,JAX,16,,FS,553388166,Caleb Ransaw,0,0,10699,27,1,1.00,0,0,0,0,0,0,0.00,0,0,1.00
Jaguars,JAX,16,,SS,553387530,Rayuan Lane III,0,0,10632,25,1,3.00,0,0,0,0,0,0,0.00,0,0,3.00
Jaguars,JAX,16,,SAM,553385986,Yasir Abdullah,2,0,8369,56,1,1.00,0,0,0,0,0,0,0.00,0,0,1.00
Jaguars,JAX,16,,MIKE,553387590,Devin Lloyd,3,0,1812,0,1,6.00,0,1,0,0,0,0,0.50,0,0,5.00
Jaguars,JAX,16,,LEDGE,553388773,Travon Walker,3,0,2008,44,1,5.00,0,1,0,0,0,0,1.50,0,0,2.00
Jaguars,JAX,16,,CB,553387924,Greg Newsome II,4,0,1273,6,1,3.00,0,0,0,0,0,0,0.00,0,0,3.00
Jaguars,JAX,16,,REDGE,553386034,Josh Hines-Allen,6,0,9365,41,1,5.00,0,0,1,0,0,0,0.50,0,0,1.00
Jaguars,JAX,16,,SAM,553386883,Dennis Gardeck,7,0,9780,47,1,6.00,0,0,0,1,0,0,0.00,0,1,0.00
Jaguars,JAX,16,,WILL,553387999,Foyesade Oluokun,7,0,9347,23,1,3.00,0,0,0,0,0,0,0.00,0,0,3.00
Jaguars,JAX,16,,CB,553387573,Jourdan Lewis,8,0,8641,2,1,4.00,0,1,0,0,0,0,0.00,0,0,4.00
Jaguars,JAX,16,,REDGE,553387965,Emmanuel Ogbah,9,0,8168,90,1,1.00,0,0,0,0,0,0,0.00,0,0,1.00
Jaguars,JAX,16,,SS,553387894,Eric Murray,9,0,8157,29,1,2.00,0,0,0,0,0,0,0.00,0,0,2.00
Jaguars,JAX,16,,DT,553386075,Arik Armstead,10,0,7003,91,1,4.00,0,1,0,0,0,0,1.00,0,0,2.00
Jets,NYJ,17,,CB,553388611,Azareye'h Thomas,0,0,10753,23,1,6.00,0,0,0,0,0,0,0.50,0,0,5.00
Jets,NYJ,17,,SS,553387847,Malachi Moore,0,0,10669,27,1,0.00,0,1,0,0,0,0,0.00,0,0,0.00
Jets,NYJ,17,,CB,553386332,Jarvis Brownlee Jr,1,0,10023,29,1,1.00,0,3,0,0,0,0,0.00,0,0,1.00
Jets,NYJ,17,,LEDGE,553387721,Will McDonald IV,2,0,2303,9,1,5.00,0,0,0,0,0,0,2.00,0,0,1.00
Jets,NYJ,17,,REDGE,553387324,Jermaine Johnson II,3,0,1782,11,1,1.00,0,0,0,0,0,0,0.50,0,0,0.00
Jets,NYJ,17,,CB,553386884,Sauce Gardner,3,0,1712,1,1,5.00,0,0,0,0,0,0,0.00,0,0,5.00
Jets,NYJ,17,,SS,553385998,Tony Adams,3,0,2723,22,1,3.00,0,1,0,0,0,0,0.00,0,0,3.00
Jets,NYJ,17,,FS,553386453,Andre Cisco,4,0,1147,8,1,5.00,0,1,0,0,1,255,0.00,0,0,2.00
Jets,NYJ,17,,CB,553388500,Brandon Stephens,4,0,1157,21,1,1.00,0,0,0,0,0,0,0.00,0,0,1.00
Jets,NYJ,17,,MIKE,553388381,Jamien Sherwood,4,0,1587,44,1,5.00,0,0,0,0,0,0,0.00,0,0,5.00
Jets,NYJ,17,,WILL,553388900,Quincy Williams,6,0,172,56,1,11.00,0,0,1,1,0,0,0.00,0,0,8.00
Jets,NYJ,17,,DT,553388901,Quinnen Williams,6,0,9679,95,1,9.00,0,0,0,0,0,0,2.50,0,0,4.00
Jets,NYJ,17,,DT,553388090,Harrison Phillips,7,0,9022,97,1,2.00,0,0,0,0,0,0,0.50,0,0,1.00
Jets,NYJ,17,,FS,553387994,Isaiah Oliver,7,0,9013,26,1,1.00,0,0,0,0,0,0,0.00,0,0,1.00
Lions,DET,18,,DT,553388909,Tyleik Williams,0,0,10785,91,1,0.00,0,1,0,0,0,0,0.00,0,0,0.00
Lions,DET,18,,CB,553388160,Ennis Rakestraw Jr,1,0,10218,9,1,1.00,0,4,0,0,0,0,0.00,0,0,1.00
Lions,DET,18,,CB,553386079,Terrion Arnold,1,0,10001,6,1,1.00,0,0,0,0,0,0,0.00,0,0,1.00
Lions,DET,18,,SS,553386266,Brian Branch,2,0,1719,32,1,2.00,0,0,0,0,0,0,0.00,0,0,2.00
Lions,DET,18,,MIKE,553386396,Jack Campbell,2,0,1907,46,1,3.00,0,0,0,0,0,0,0.00,0,0,3.00
Lions,DET,18,,FS,553387426,Kerby Joseph,3,0,1792,31,1,3.00,0,1,0,0,0,0,0.00,0,0,3.00
Lions,DET,18,,DT,553387764,Alim McNeill,4,0,943,54,1,1.00,0,0,0,0,0,0,0.00,0,0,1.00
Lions,DET,18,,MIKE,553386128,Derrick Barnes,4,0,1065,55,1,1.00,0,0,0,0,0,0,0.00,0,0,1.00
Lions,DET,18,,CB,553388238,Amik Robertson,5,0,551,21,1,2.00,0,0,0,0,0,0,0.00,0,0,2.00
Lions,DET,18,,CB,553388185,D.J. Reed Jr,7,0,9034,4,1,3.00,0,1,0,0,0,0,0.00,0,0,3.00
Lions,DET,18,,MIKE,553386070,Alex Anzalone,8,0,8469,34,1,10.00,0,0,0,0,1,5,1.00,0,0,5.00
Lions,DET,18,,DT,553388178,D.J. Reader,9,0,8187,98,1,1.00,0,0,0,0,0,0,0.00,0,0,1.00
Packers,GB,19,,MIKE,553386512,Edgerrin Cooper,1,0,10041,56,1,4.00,0,1,0,0,0,0,0.00,0,0,4.00
Packers,GB,19,,FS,553388879,Evan Williams,1,0,10297,33,1,0.00,0,1,0,0,0,0,0.00,0,0,0.00
Packers,GB,19,,FS,553386348,Javon Bullard,1,0,10024,20,1,9.00,0,0,0,0,0,0,0.00,0,0,9.00
Packers,GB,19,,CB,553386994,Kamal Hadden,1,0,10093,36,1,4.00,0,0,0,0,0,0,0.00,0,0,4.00
Packers,GB,19,,DT,553388992,Devonte Wyatt,3,0,2059,95,1,2.00,0,0,0,0,0,0,0.50,0,0,1.00
Packers,GB,19,,WILL,553388771,Quay Walker,3,0,2006,7,1,6.00,0,0,0,0,0,0,0.00,0,0,6.00
Packers,GB,19,,SAM,553387723,Isaiah McDuffie,4,0,1046,58,1,1.00,0,0,0,0,0,0,0.00,0,0,1.00
Packers,GB,19,,REDGE,553388041,Micah Parsons,4,0,1058,1,1,5.00,0,0,0,0,0,0,1.50,0,0,2.00
Packers,GB,19,,CB,553387161,Nate Hobbs,4,0,1184,21,1,1.00,0,2,0,0,0,0,0.00,0,0,1.00
Packers,GB,19,,SS,553387743,Xavier McKinney,5,0,452,29,1,5.00,0,0,0,0,0,0,0.00,0,0,5.00
Packers,GB,19,,CB,553387938,Keisean Nixon,6,0,486,25,1,1.00,0,1,0,0,0,0,0.00,0,0,1.00
Packers,GB,19,,LEDGE,553386892,Rashan Gary,6,0,9467,52,1,1.00,0,0,0,0,0,0,0.00,0,0,1.00
Packers,GB,19,,DT,553387228,Maurice Hurst,7,0,8931,92,1,1.00,0,0,0,0,0,0,0.00,0,0,1.00
Packers,GB,19,,CB,553387151,Troy Hill,10,0,7502,28,1,1.00,0,0,0,0,0,0,0.00,0,0,1.00
Panthers,CAR,20,,REDGE,553388353,Nic Scourton,0,0,10725,11,1,5.00,0,0,0,0,0,0,1.00,0,0,3.00
Panthers,CAR,20,,REDGE,553388722,Princely Umanmielen,0,0,10698,3,1,3.00,0,0,0,0,0,0,1.00,0,0,1.00
Panthers,CAR,20,,SS,553388217,Demani Richardson,1,0,10228,36,1,3.00,0,0,0,0,0,0,0.00,0,0,3.00
Panthers,CAR,20,,MIKE,553388778,Trevin Wallace,1,0,10284,32,1,3.00,0,0,0,0,0,0,0.00,0,0,3.00
Panthers,CAR,20,,CB,553387189,Jaycee Horn,4,0,1352,8,1,4.00,0,0,0,0,0,0,0.00,0,0,4.00
Panthers,CAR,20,,FS,553387828,Tre'von Moehrig,4,0,1212,7,1,1.00,0,0,0,0,0,0,0.00,0,0,1.00
Panthers,CAR,20,,WILL,553388290,Christian Rozeboom,5,0,1040,56,1,4.00,0,0,0,0,1,0,0.00,0,0,1.00
Panthers,CAR,20,,DT,553386313,Derrick Brown,5,0,189,95,1,3.00,0,0,0,0,0,0,0.00,0,0,3.00
Panthers,CAR,20,,DT,553388842,Tershawn Wharton,5,0,1088,99,1,4.00,0,0,0,0,0,0,1.00,0,0,2.00
Panthers,CAR,20,,CB,553387278,Mike Jackson,6,0,9518,2,1,5.00,0,2,0,0,0,0,0.00,0,0,5.00
Panthers,CAR,20,,SS,553388350,Nick Scott,6,0,154,21,1,4.00,0,0,0,0,0,0,1.00,0,0,2.00
Patriots,NE,21,,SS,553388970,Craig Woodson,0,0,10790,31,1,2.00,0,0,0,0,0,0,0.00,0,0,2.00
Patriots,NE,21,,DT,553386778,Joshua Farmer,0,0,10895,92,1,3.00,0,0,0,0,0,0,1.00,0,0,1.00
Patriots,NE,21,,SAM,553388009,Anfernee Orji,2,0,2343,50,1,2.00,0,0,0,0,0,0,0.00,0,0,2.00
Patriots,NE,21,,CB,553386936,Christian Gonzalez,2,0,2171,0,1,3.00,0,1,0,0,0,0,0.00,0,0,3.00
Patriots,NE,21,,LEDGE,553388850,Keion White,2,0,2474,99,1,2.00,0,0,0,0,0,0,0.50,0,0,1.00
Patriots,NE,21,,MIKE,553387652,Marte Mapu,2,0,4670,15,1,3.00,0,0,0,0,0,0,0.00,0,0,3.00
Patriots,NE,21,,WILL,553386902,Jack Gibbens,3,0,3232,51,1,1.00,0,0,0,0,0,0,0.00,0,0,1.00
Patriots,NE,21,,CB,553387407,Marcus Jones,3,0,1789,25,1,1.00,0,2,0,0,0,0,0.00,0,0,1.00
Patriots,NE,21,,DT,553386126,Christian Barmore,4,0,780,90,1,1.00,0,0,0,0,0,0,0.50,0,0,0.00
Patriots,NE,21,,DT,553388897,Milton Williams,4,0,1588,97,1,13.00,0,0,0,0,0,0,4.00,0,0,5.00
Patriots,NE,21,,FS,553387084,Jaylinn Hawkins,5,0,339,21,1,5.00,0,0,0,0,0,0,0.00,0,0,5.00
Patriots,NE,21,,SS,553386681,Kyle Dugger,5,0,263,23,1,2.00,0,1,0,0,0,0,0.00,0,0,2.00
Patriots,NE,21,,CB,553386576,Carlton Davis III,7,0,8864,7,1,7.00,0,0,0,0,0,0,1.00,0,0,5.00
Patriots,NE,21,,REDGE,553387528,Harold Landry III,7,0,8966,2,1,3.00,0,0,0,0,0,0,0.50,0,0,2.00
Patriots,NE,21,,MIKE,553388483,Robert Spillane,7,0,9926,14,1,12.00,0,0,0,0,0,0,2.00,0,0,8.00
Raiders,LV,22,,WILL,553388051,Chris Paul Jr.,0,0,10688,46,1,1.00,0,0,0,0,0,0,0.00,0,0,1.00
Raiders,LV,22,,CB,553388121,Darien Porter,0,0,10694,26,1,0.00,0,1,0,0,0,0,0.00,0,0,0.00
Raiders,LV,22,,DT,553387105,Tonka Hemingway,0,0,10583,97,1,1.00,0,2,0,0,0,0,0.00,0,0,1.00
Raiders,LV,22,,CB,553388216,Decamerion Richardson,1,0,10227,25,1,6.00,0,0,0,0,0,0,0.00,0,0,6.00
Raiders,LV,22,,DT,553387539,Jonah Laulu,1,0,10410,96,1,0.00,0,1,0,0,0,0,0.00,0,0,0.00
Raiders,LV,22,,SS,553388422,Christopher Smith II,2,0,2397,29,1,2.00,0,0,0,0,0,0,0.00,0,0,2.00
Raiders,LV,22,,REDGE,553388931,Tyree Wilson,2,0,2482,9,1,5.00,0,0,0,0,0,0,1.00,0,0,3.00
Raiders,LV,22,,CB,553388518,Eric Stokes,4,0,1224,22,1,2.00,0,0,0,0,0,0,0.00,0,0,2.00
Raiders,LV,22,,SS,553386444,Jeremy Chinn,5,0,211,11,1,2.00,0,0,0,0,0,0,0.00,0,0,2.00
Raiders,LV,22,,WILL,553388848,Devin White,6,0,9672,45,1,5.00,0,0,0,0,1,2,0.00,0,0,2.00
Raiders,LV,22,,FS,553387328,Lonnie Johnson Jr,6,0,9535,32,1,1.00,0,0,0,0,0,0,0.00,0,0,1.00
Raiders,LV,22,,LEDGE,553386536,Maxx Crosby,6,0,9426,98,1,0.00,0,1,0,0,0,0,0.00,0,0,0.00
Raiders,LV,22,,DT,553386371,Adam Butler,8,0,9151,69,1,1.00,0,0,0,0,0,0,0.00,0,0,1.00
Raiders,LV,22,,WILL,553385994,Jamal Adams,8,0,8463,33,1,3.00,0,0,0,0,0,0,0.00,0,0,3.00
Raiders,LV,22,,MIKE,553388235,Elandon Roberts,9,0,8195,52,1,1.00,0,0,0,0,0,0,0.00,0,0,1.00
Rams,LAR,23,,DT,553387018,Ty Hamilton,0,0,10571,57,1,5.00,0,0,0,0,0,0,1.50,0,0,2.00
Rams,LAR,23,,DT,553386805,Braden Fiske,1,0,10072,55,1,1.00,0,0,0,0,0,0,0.50,0,0,0.00
Rams,LAR,23,,LEDGE,553388744,Jared Verse,1,0,10279,8,1,4.00,0,1,0,0,0,0,1.00,0,0,2.00
Rams,LAR,23,,FS,553387470,Kamren Kinchens,1,0,10141,26,1,1.00,0,0,0,0,0,0,0.00,0,0,1.00
Rams,LAR,23,,WILL,553388482,Omar Speights,1,0,10966,48,1,3.00,0,0,0,0,0,0,0.00,0,0,3.00
Rams,LAR,23,,CB,553386691,Cobie Durant,3,0,1554,14,1,3.00,0,0,0,0,0,0,0.00,0,0,3.00
Rams,LAR,23,,SS,553387517,Quentin Lake,3,0,1803,37,1,1.00,0,0,0,0,0,0,0.00,0,0,1.00
Rams,LAR,23,,SS,553386551,Kamren Curl,5,0,225,3,1,3.00,0,0,0,0,0,0,0.00,0,0,3.00
Rams,LAR,23,,CB,553388875,Darious Williams,7,0,9955,31,1,6.00,0,0,0,0,0,0,0.00,0,0,6.00
Rams,LAR,23,,CB,553387864,Emmanuel Moseley,7,0,9869,38,1,6.00,0,0,0,0,1,15,0.00,0,0,3.00
Rams,LAR,23,,MIKE,553387321,Josey Jewell,7,0,8946,49,1,1.00,0,0,0,0,0,0,0.00,0,0,1.00
Rams,LAR,23,,DT,553386826,Poona Ford,7,0,9333,95,1,1.00,0,0,0,0,0,0,0.50,0,0,0.00
Rams,LAR,23,,MIKE,553386572,Lavonte David,13,0,5133,50,1,2.00,0,0,0,0,0,0,0.00,0,0,2.00
Ravens,BAL,24,,FS,553388494,Malaki Starks,0,0,10740,24,1,2.00,0,1,0,1,0,0,0.00,0,0,2.00
Ravens,BAL,24,,LEDGE,553386972,Mike Green,0,0,10568,45,1,0.00,0,1,0,0,0,0,0.00,0,0,0.00
Ravens,BAL,24,,WILL,553386344,Teddye Buchanan,0,0,10508,40,1,1.00,0,0,0,0,0,0,0.00,0,0,1.00
Ravens,BAL,24,,CB,553388863,Nate Wiggins,1,0,10293,2,1,2.00,0,0,0,0,0,0,0.00,0,0,2.00
Ravens,BAL,24,,SS,553387441,Sanoussi Kane,1,0,10406,21,1,1.00,0,0,0,0,0,0,0.00,0,0,1.00
Ravens,BAL,24,,WILL,553388400,Trenton Simpson,2,0,2393,32,1,1.00,0,0,0,0,0,0,0.00,0,0,1.00
Ravens,BAL,24,,MIKE,553387215,Jacob Hummel,3,0,4385,35,1,1.00,0,0,0,0,0,0,0.00,0,0,1.00
Ravens,BAL,24,,SS,553387016,Kyle Hamilton,3,0,1753,14,1,6.00,0,1,0,0,0,0,0.00,0,0,6.00
Ravens,BAL,24,,DT,553387413,Travis Jones,3,0,1790,98,1,6.00,0,0,0,0,0,0,1.50,0,0,3.00
Ravens,BAL,24,,FS,553388800,Ar'Darius Washington,4,0,1082,29,1,1.00,0,0,0,0,0,0,0.00,0,0,1.00
Ravens,BAL,24,,DT,553387637,Nnamdi Madubuike,5,0,441,92,1,1.00,0,0,0,0,0,0,0.50,0,0,0.00
Ravens,BAL,24,,CB,553386019,Jaire Alexander,7,0,8797,23,1,6.00,0,0,1,0,0,0,0.00,0,0,3.00
Ravens,BAL,24,,MIKE,553388449,Roquan Smith,7,0,9061,0,1,4.00,0,1,0,0,0,0,0.00,0,0,4.00
Ravens,BAL,24,,CB,553386095,Chidobe Awuzie,8,0,8471,3,1,1.00,0,0,0,0,0,0,0.00,0,0,1.00
Ravens,BAL,24,,CB,553387218,Marlon Humphrey,8,0,8595,44,1,6.00,0,0,0,0,0,0,0.00,0,0,6.00
Saints,NO,26,,SS,553388324,Jonas Sanker,0,0,10720,33,1,3.00,0,0,0,0,0,0,0.00,0,0,3.00
Saints,NO,26,,DT,553386301,Vernon Broughton,0,0,10502,91,1,0.00,0,0,0,1,0,0,0.00,0,0,0.00
Saints,NO,26,,CB,553386200,Beanie Bishop Jr,1,0,10874,32,1,2.00,0,0,0,0,0,0,0.00,0,0,2.00
Saints,NO,26,,MIKE,553387146,Jamal Hill,1,0,10396,9,1,4.00,0,0,0,0,0,0,1.00,0,0,2.00
Saints,NO,26,,CB,553387744,Kool-Aid McKinstry,1,0,10173,4,1,2.00,0,0,0,0,0,0,0.00,0,0,2.00
Saints,NO,26,,DT,553386001,Adetomiwa Adebawore,2,0,818,95,1,1.00,0,1,0,0,0,0,0.00,0,0,1.00
Saints,NO,26,,FS,553387200,Jordan Howden,2,0,2213,31,1,2.00,0,0,0,0,0,0,0.00,0,0,2.00
Saints,NO,26,,LEDGE,553386133,Amare Barno,3,0,1154,11,1,7.00,0,1,0,0,0,0,2.00,0,0,3.00
Saints,NO,26,,WILL,553388647,Channing Tindall,3,0,1986,42,1,1.00,0,0,0,0,0,0,0.00,0,0,1.00
Saints,NO,26,,WILL,553387047,Christian Harris,3,0,1756,8,1,3.00,0,0,0,0,0,0,0.00,0,0,3.00
Saints,NO,26,,LEDGE,553387352,Kyron Johnson,3,0,2540,15,1,2.00,0,0,0,0,0,0,0.00,0,0,2.00
Saints,NO,26,,CB,553388313,Asante Samuel Jr,4,0,1289,26,1,1.00,0,0,0,0,0,0,0.00,0,0,1.00
Saints,NO,26,,FS,553388194,Justin Reid,7,0,9035,21,1,2.00,0,0,0,0,0,0,0.00,0,0,2.00
Saints,NO,26,,DT,553386927,Davon Godchaux,8,0,8566,92,1,6.00,0,0,1,0,0,0,1.00,0,0,1.00
Saints,NO,26,,LEDGE,553387420,Cameron Jordan,14,0,4404,94,1,2.00,0,0,0,0,0,0,1.00,0,0,0.00
Seahawks,SEA,27,,SS,553386739,Nick Emmanwori,0,0,10543,3,1,2.00,0,0,0,0,0,0,0.00,0,0,2.00
Seahawks,SEA,27,,DT,553387885,Byron Murphy II,1,0,10189,91,1,1.00,0,0,0,0,0,0,0.00,0,0,1.00
Seahawks,SEA,27,,CB,553388140,Nehemiah Pritchett,1,0,10215,28,1,2.00,0,0,0,0,0,0,0.00,0,0,2.00
Seahawks,SEA,27,,WILL,553387490,Tyrice Knight,1,0,10145,48,1,3.00,0,0,0,0,0,0,0.00,0,0,3.00
Seahawks,SEA,27,,REDGE,553387005,Derick Hall,2,0,2179,58,1,3.00,0,0,0,0,0,0,1.00,0,0,1.00
Seahawks,SEA,27,,CB,553388950,Devon Witherspoon,2,0,2485,21,1,1.00,0,1,0,0,0,0,0.00,0,0,1.00
Seahawks,SEA,27,,CB,553388503,Tyrique Stevenson,2,0,2411,33,1,4.00,0,0,0,0,0,0,0.00,0,0,4.00
Seahawks,SEA,27,,REDGE,553387639,Boye Mafe,3,0,1821,53,1,2.00,0,1,0,0,0,0,0.00,0,0,2.00
Seahawks,SEA,27,,SS,553386285,Jaquan Brisker,3,0,1194,32,1,7.00,0,1,0,0,0,0,1.00,0,0,5.00
Seahawks,SEA,27,,CB,553388971,Tariq Woolen,3,0,2054,27,1,0.00,0,1,0,0,0,0,0.00,0,0,0.00
Seahawks,SEA,27,,MIKE,553387371,Ernest Jones IV,4,0,1595,13,1,5.00,0,0,0,0,0,0,1.00,0,0,3.00
Seahawks,SEA,27,,MIKE,553386129,Krys Barnes,5,0,1395,59,1,4.00,0,0,0,0,0,0,1.00,0,0,2.00
Seahawks,SEA,27,,FS,553387612,Julian Love,6,0,9558,20,1,2.00,0,1,0,0,0,0,0.00,0,0,2.00
Seahawks,SEA,27,,LEDGE,553387953,Uchenna Nwosu,7,0,9008,7,1,1.00,0,0,0,0,0,0,0.00,0,0,1.00
Seahawks,SEA,27,,DT,553388186,Jarran Reed,9,0,8191,90,1,1.00,0,0,0,0,0,0,0.00,0,0,1.00
Seahawks,SEA,27,,DT,553388894,Leonard Williams,10,0,7381,99,1,3.00,0,0,0,0,0,0,0.00,0,0,3.00
Seahawks,SEA,27,,LEDGE,553387542,DeMarcus Lawrence,11,0,6487,0,1,8.00,0,0,0,0,0,0,1.00,0,0,6.00
Steelers,PIT,28,,DT,553387040,Derrick Harmon,0,0,10574,99,1,6.00,0,0,0,0,0,0,1.50,0,0,3.00
Steelers,PIT,28,,CB,553387461,Donte Kent,0,0,10928,34,1,1.00,0,0,0,0,0,0,0.00,0,0,1.00
Steelers,PIT,28,,WILL,553388927,Payton Wilson,1,0,10302,41,1,1.00,0,0,0,0,0,0,0.00,0,0,1.00
Steelers,PIT,28,,CB,553388120,Joey Porter,2,0,2358,24,1,3.00,0,0,0,0,0,0,0.00,0,0,3.00
Steelers,PIT,28,,CB,553386703,Brandin Echols,4,0,1358,26,1,1.00,0,0,0,0,0,0,0.00,0,0,1.00
Steelers,PIT,28,,REDGE,553387142,Alex Highsmith,5,0,352,56,1,8.00,0,0,0,0,0,0,1.50,0,0,5.00
Steelers,PIT,28,,MIKE,553388153,Patrick Queen,5,0,538,6,1,8.00,0,2,0,0,1,2,0.00,0,0,5.00
Steelers,PIT,28,,WILL,553387170,Cole Holcomb,6,0,1452,55,1,3.00,0,0,0,0,0,0,0.00,0,0,3.00
Steelers,PIT,28,,SAM,553387603,David Long Jr,6,0,9556,43,1,2.00,0,0,0,0,0,0,0.00,0,0,2.00
Steelers,PIT,28,,FS,553386728,DeShon Elliott,7,0,8877,25,1,2.00,0,1,0,0,0,0,0.00,0,0,2.00
Steelers,PIT,28,,SS,553388074,Jabrill Peppers,8,0,8684,40,1,0.00,0,1,0,1,0,0,0.00,0,0,0.00
Steelers,PIT,28,,LEDGE,553388818,T.J. Watt,8,0,8770,90,1,7.00,0,0,0,0,0,0,2.00,0,0,3.00
Steelers,PIT,28,,CB,553388162,Jalen Ramsey,9,0,8185,5,1,3.00,0,2,0,0,0,0,0.00,0,0,3.00
Steelers,PIT,28,,CB,553388417,Darius Slay Jr,12,0,6273,23,1,2.00,0,0,0,0,0,0,0.00,0,0,2.00
Steelers,PIT,28,,DT,553387130,Cameron Heyward,14,0,4384,97,1,1.00,0,0,0,0,0,0,0.00,0,0,1.00
Texans,HOU,31,,FS,553386350,Calen Bullock,1,0,10025,2,1,1.00,0,0,0,0,0,0,0.00,0,0,1.00
Texans,HOU,31,,CB,553387533,Kamari Lassiter,1,0,10147,4,1,7.00,0,0,0,0,1,7,0.00,0,0,4.00
Texans,HOU,31,,WILL,553388667,Henry To'oTo'o,2,0,2431,39,1,6.00,0,0,0,0,0,0,0.00,0,0,6.00
Texans,HOU,31,,LEDGE,553386049,Will Anderson Jr,2,0,856,51,1,9.00,0,0,0,0,0,0,2.00,0,0,5.00
Texans,HOU,31,,CB,553388514,Derek Stingley Jr,3,0,1956,24,1,3.00,0,0,0,0,0,0,0.00,0,0,3.00
Texans,HOU,31,,CB,553388109,Jalen Pitre,3,0,1893,5,1,5.00,0,1,0,0,0,0,0.00,0,0,5.00
Texans,HOU,31,,MIKE,553386040,Azeez Al-Shaair,6,0,9361,0,1,3.00,0,2,0,0,0,0,0.00,0,0,3.00
Texans,HOU,31,,DT,553386783,Folorunso Fatukasi,7,0,8884,91,1,1.00,0,0,0,0,0,0,0.00,0,0,1.00
Texans,HOU,31,,SS,553388504,M.J. Stewart Jr,7,0,9068,29,1,3.00,0,0,0,0,0,0,0.00,0,0,3.00
Texans,HOU,31,,DT,553388165,Sheldon Rankins,9,0,8186,90,1,1.00,0,0,0,0,0,0,0.00,0,0,1.00
Texans,HOU,31,,REDGE,553387223,Danielle Hunter,10,0,7179,55,1,3.00,0,0,0,0,0,0,0.00,0,0,3.00
Texans,HOU,31,,LEDGE,553386089,Denico Autry,11,0,7005,96,1,1.00,0,0,0,0,0,0,0.00,0,0,1.00
Texans,HOU,31,,SS,553388790,Jimmie Ward,11,0,6626,20,1,5.00,0,0,0,0,0,0,0.00,0,0,5.00
Titans,TEN,29,,SS,553388942,Kevin Winston Jr.,0,0,10787,23,1,1.00,0,0,0,0,0,0,0.00,0,0,1.00
Titans,TEN,29,,DT,553388558,T'Vondre Sweat,1,0,10258,93,1,3.00,0,0,0,0,0,0,1.00,0,0,1.00
Titans,TEN,29,,CB,553387717,Roger McCreary,3,0,1843,21,1,2.00,0,1,0,0,0,0,0.00,0,0,2.00
Titans,TEN,29,,CB,553388956,Samuel Womack III,3,0,5323,35,1,1.00,0,0,0,0,0,0,0.00,0,0,1.00
Titans,TEN,29,,REDGE,553389008,Chase Young,5,0,687,99,1,6.00,0,0,0,0,0,0,1.00,0,0,4.00
Titans,TEN,29,,CB,553388469,L'Jarius Sneed,5,0,579,38,1,17.00,0,2,0,0,2,70,0.00,0,1,5.00
Titans,TEN,29,,SS,553387180,Amani Hooker,6,0,9508,37,1,6.00,0,0,0,0,0,0,0.00,0,0,6.00
Titans,TEN,29,,MIKE,553386142,Cody Barton,6,0,9381,50,1,2.00,0,1,0,0,0,0,0.00,0,0,2.00
Titans,TEN,29,,LEDGE,553387392,Dre'Mont Jones,6,0,9538,45,1,2.00,0,0,0,0,0,0,0.00,0,0,2.00
Titans,TEN,29,,DT,553388394,Jeffery Simmons,6,0,156,98,1,3.00,0,0,0,0,0,0,1.00,0,0,1.00
Titans,TEN,29,,WILL,553388851,Kyzir White,7,0,9112,42,1,4.00,0,0,0,0,0,0,0.00,0,0,4.00
Titans,TEN,29,,DT,553387428,Sebastian Joseph-Day,7,0,9827,69,1,5.00,0,0,0,0,0,0,1.00,0,0,3.00
Titans,TEN,29,,FS,553388968,Xavier Woods,8,0,8789,25,1,4.00,0,0,0,0,1,54,0.00,0,0,1.00
Titans,TEN,29,,FS,553386641,Quandre Diggs,10,0,7084,28,1,2.00,0,2,0,0,0,0,0.00,0,0,2.00
Vikings,MIN,30,,WILL,553388026,Ivan Pace Jr,2,0,2346,0,1,5.00,0,0,0,0,0,0,0.00,0,0,5.00
Vikings,MIN,30,,CB,553388265,Isaiah Rodgers Sr,5,0,1513,2,1,3.00,0,2,0,0,0,0,0.00,0,0,3.00
Vikings,MIN,30,,CB,553387984,Jeff Okudah,5,0,489,8,1,8.00,0,2,0,0,0,0,2.00,0,0,4.00
Vikings,MIN,30,,LEDGE,553386975,Jonathan Greenard,5,0,305,58,1,9.00,0,0,0,0,0,0,2.00,0,0,5.00
Vikings,MIN,30,,SS,553387786,Josh Metellus,5,0,458,44,1,1.00,0,0,0,0,0,0,0.00,0,0,1.00
Vikings,MIN,30,,REDGE,553388730,Andrew Van Ginkel,6,0,9661,43,1,10.00,0,0,0,0,0,0,3.00,0,0,4.00
Vikings,MIN,30,,MIKE,553386422,Blake Cashman,6,0,9415,51,1,6.00,0,0,0,0,0,0,0.00,0,0,6.00
Vikings,MIN,30,,CB,553387886,Byron Murphy Jr,6,0,9582,7,1,1.00,0,1,0,0,0,0,0.00,0,0,1.00
Vikings,MIN,30,,FS,553388623,Tavierre Thomas,7,0,9938,37,1,2.00,0,0,0,0,0,0,0.00,0,0,2.00
Vikings,MIN,30,,MIKE,553388920,Eric Wilson,8,0,9318,55,1,1.00,0,0,0,0,0,0,0.00,0,0,1.00
Vikings,MIN,30,,DT,553387038,Javon Hargrave,9,0,8035,97,1,10.00,0,0,1,0,0,0,2.00,0,0,3.00
Vikings,MIN,30,,FS,553388438,Harrison Smith,13,0,5485,22,1,1.00,0,1,0,0,0,0,0.00,0,0,1.00
